#pragma once

// Generated by scripts/generate_window_icon.py from doc/icons/sextant-icon.svg. Do not edit;
// regenerate (see the script) when the icon changes.
// Straight RGBA8, row-major from the top-left, one image per size.

namespace sextant::window_icon {
    inline constexpr unsigned char k_rgba_16[1024] = {
        0x00,0x00,0x00,0x00,0x00,0x00,0x00,0x00,0x00,0x00,0x00,0x00,0x00,0x00,0x00,0x00,
        0x60,0x28,0x28,0x20,0x00,0x00,0x00,0x00,0x00,0x00,0x00,0x00,0x00,0x00,0x00,0x00,
        0x00,0x00,0x00,0x00,0x00,0x00,0x00,0x00,0x00,0x00,0x00,0x00,0x00,0x00,0x00,0x00,
        0x00,0x00,0x00,0x00,0x00,0x00,0x00,0x00,0x00,0x00,0x00,0x00,0x00,0x00,0x00,0x00,
        0x00,0x00,0x00,0x00,0x00,0x00,0x00,0x00,0x00,0x00,0x00,0x00,0x60,0x23,0x25,0x60,
        0x5f,0x21,0x24,0xff,0x60,0x25,0x25,0x30,0x00,0x00,0x00,0x00,0x00,0x00,0x00,0x00,
        0x00,0x00,0x00,0x00,0x00,0x00,0x00,0x00,0x00,0x00,0x00,0x00,0x00,0x00,0x00,0x00,
        0x00,0x00,0x00,0x00,0x00,0x00,0x00,0x00,0x00,0x00,0x00,0x00,0x00,0x00,0x00,0x00,
        0x00,0x00,0x00,0x00,0x00,0x00,0x00,0x00,0x60,0x23,0x25,0x60,0x5f,0x21,0x24,0xff,
        0x5f,0x21,0x24,0xff,0x5f,0x21,0x25,0xc7,0x00,0x00,0x00,0x00,0x00,0x00,0x00,0x00,
        0x00,0x00,0x00,0x00,0x00,0x00,0x00,0x00,0x00,0x00,0x00,0x00,0x00,0x00,0x00,0x00,
        0x00,0x00,0x00,0x00,0x00,0x00,0x00,0x00,0x00,0x00,0x00,0x00,0x00,0x00,0x00,0x00,
        0x00,0x00,0x00,0x00,0x60,0x25,0x25,0x30,0x5f,0x21,0x24,0xf7,0x5f,0x21,0x24,0xff,
        0x5f,0x21,0x24,0xff,0x5f,0x22,0x25,0xfa,0x60,0x23,0x25,0x60,0x00,0x00,0x00,0x00,
        0x00,0x00,0x00,0x00,0xc6,0x82,0x18,0x3f,0x00,0x00,0x00,0x00,0x00,0x00,0x00,0x00,
        0x00,0x00,0x00,0x00,0x00,0x00,0x00,0x00,0x00,0x00,0x00,0x00,0x00,0x00,0x00,0x00,
        0x00,0x00,0x00,0x00,0x5f,0x22,0x25,0xa6,0x5f,0x21,0x24,0xff,0x5f,0x21,0x24,0xff,
        0x5f,0x21,0x24,0xff,0x5f,0x21,0x24,0xff,0x5f,0x21,0x24,0xe7,0xa6,0x5e,0x21,0x2e,
        0xc4,0x7f,0x15,0xff,0xc4,0x7f,0x15,0xff,0xc4,0x80,0x15,0xf2,0xb7,0x68,0x18,0x20,
        0xb7,0x66,0x13,0xe3,0xb7,0x68,0x18,0x20,0x00,0x00,0x00,0x00,0x00,0x00,0x00,0x00,
        0x00,0x00,0x00,0x00,0x5f,0x21,0x24,0xf6,0x5f,0x21,0x24,0xff,0x5f,0x21,0x24,0xff,
        0x5f,0x21,0x24,0xff,0x5f,0x21,0x24,0xff,0x5f,0x21,0x24,0xf6,0x60,0x22,0x24,0x80,
        0xc4,0x80,0x16,0xc8,0xc4,0x7f,0x15,0xff,0xc5,0x80,0x15,0x90,0xb7,0x66,0x14,0xb4,
        0xb6,0x66,0x13,0xfd,0xb7,0x67,0x14,0xd8,0x00,0x00,0x00,0x00,0x00,0x00,0x00,0x00,
        0x60,0x24,0x24,0x40,0x5f,0x21,0x24,0xff,0x5f,0x21,0x24,0xff,0x5f,0x21,0x24,0xff,
        0x5f,0x21,0x24,0xff,0x5f,0x21,0x24,0xff,0x5f,0x21,0x24,0xff,0x5f,0x21,0x24,0xf5,
        0x9b,0x5a,0x1c,0x4a,0xc4,0x7f,0x16,0xd3,0xbc,0x6b,0x17,0x4c,0xb7,0x66,0x13,0xff,
        0xb7,0x66,0x13,0xff,0xb7,0x66,0x13,0xff,0xb9,0x66,0x13,0x50,0x00,0x00,0x00,0x00,
        0x60,0x23,0x26,0x50,0x5f,0x22,0x24,0xcc,0x60,0x21,0x25,0xcf,0x60,0x21,0x25,0xcf,
        0x60,0x21,0x25,0xcf,0x60,0x21,0x25,0xcf,0x60,0x21,0x25,0xcf,0x5f,0x22,0x24,0xcc,
        0x60,0x23,0x26,0x50,0x00,0x00,0x00,0x00,0xb7,0x68,0x15,0x60,0xb8,0x66,0x14,0xcf,
        0xb8,0x66,0x14,0xcf,0xb8,0x66,0x14,0xcf,0xb9,0x66,0x13,0x50,0x00,0x00,0x00,0x00,
        0x00,0x00,0x00,0x00,0x80,0x2b,0x25,0x30,0x7c,0x2a,0x24,0x7f,0x7c,0x2a,0x24,0x7f,
        0x7c,0x2a,0x24,0x7f,0x7c,0x2a,0x24,0x7f,0x7c,0x2a,0x24,0x7f,0x7c,0x2a,0x24,0x7f,
        0x80,0x2b,0x25,0x30,0x00,0x00,0x00,0x00,0xa7,0x50,0x18,0x40,0xa9,0x4e,0x16,0x7f,
        0xa9,0x4e,0x16,0x7f,0xa9,0x4e,0x16,0x7f,0xa9,0x4e,0x16,0x7f,0xaa,0x50,0x1b,0x30,
        0x00,0x00,0x00,0x00,0x7d,0x2b,0x25,0x60,0x7c,0x2a,0x23,0xff,0x7c,0x2a,0x23,0xff,
        0x7c,0x2a,0x23,0xff,0x7c,0x2a,0x23,0xff,0x7c,0x2a,0x23,0xff,0x7c,0x2a,0x23,0xff,
        0x83,0x2f,0x25,0x4c,0x95,0x3a,0x1e,0x7f,0xa7,0x50,0x18,0x60,0xa8,0x4e,0x16,0xff,
        0xa8,0x4e,0x16,0xff,0xa8,0x4e,0x16,0xff,0xa8,0x4e,0x16,0xff,0xa9,0x50,0x16,0x50,
        0x00,0x00,0x00,0x00,0x80,0x30,0x30,0x10,0x7c,0x2a,0x23,0xff,0x7c,0x2a,0x23,0xff,
        0x7c,0x2a,0x23,0xff,0x7c,0x2a,0x23,0xff,0x7c,0x2b,0x24,0xfa,0x7c,0x2a,0x23,0xb5,
        0x95,0x3a,0x1e,0x90,0x94,0x39,0x1d,0xff,0x95,0x3a,0x1d,0x60,0xa8,0x4f,0x16,0xe5,
        0xa8,0x4e,0x16,0xff,0xa8,0x4e,0x16,0xff,0xa9,0x4e,0x17,0xf5,0x00,0x00,0x00,0x00,
        0x00,0x00,0x00,0x00,0x00,0x00,0x00,0x00,0x7d,0x2b,0x24,0xba,0x7c,0x2a,0x23,0xff,
        0x7c,0x2a,0x23,0xff,0x7c,0x2a,0x23,0xff,0x7c,0x2b,0x23,0xf6,0x8c,0x37,0x22,0x3c,
        0x94,0x39,0x1d,0xff,0x94,0x39,0x1d,0xff,0x94,0x3a,0x1d,0xf3,0xa4,0x4d,0x1b,0x4c,
        0xa8,0x4e,0x17,0xf9,0xa8,0x4e,0x16,0xfb,0xa8,0x50,0x17,0x70,0x00,0x00,0x00,0x00,
        0x00,0x00,0x00,0x00,0x00,0x00,0x00,0x00,0x80,0x2b,0x25,0x30,0x7c,0x2a,0x23,0xf7,
        0x7c,0x2a,0x23,0xff,0x7c,0x2b,0x23,0xf6,0x7c,0x2a,0x24,0x80,0x95,0x3a,0x1d,0xc7,
        0x94,0x39,0x1e,0xf9,0x94,0x39,0x1d,0xff,0x94,0x3a,0x1e,0xf7,0x93,0x3a,0x1e,0x80,
        0xa8,0x4f,0x17,0xb5,0xa9,0x4e,0x17,0xa6,0x00,0x00,0x00,0x00,0x00,0x00,0x00,0x00,
        0x00,0x00,0x00,0x00,0x00,0x00,0x00,0x00,0x00,0x00,0x00,0x00,0x7c,0x2c,0x24,0x40,
        0x7c,0x2a,0x23,0xff,0x7d,0x2b,0x23,0xe7,0x92,0x38,0x22,0x5b,0x94,0x39,0x1d,0xff,
        0x94,0x39,0x1d,0xff,0x94,0x39,0x1d,0xff,0x94,0x39,0x1d,0xff,0x94,0x39,0x1d,0xff,
        0x97,0x40,0x20,0x20,0x00,0x00,0x00,0x00,0x00,0x00,0x00,0x00,0x00,0x00,0x00,0x00,
        0x00,0x00,0x00,0x00,0x00,0x00,0x00,0x00,0x00,0x00,0x00,0x00,0x00,0x00,0x00,0x00,
        0x7c,0x2d,0x23,0x50,0x7c,0x2c,0x24,0x40,0x96,0x39,0x20,0x50,0x94,0x39,0x1e,0xe7,
        0x94,0x39,0x1d,0xff,0x94,0x39,0x1d,0xff,0x94,0x39,0x1d,0xff,0x95,0x3a,0x1e,0xd8,
        0x95,0x3a,0x20,0x30,0x00,0x00,0x00,0x00,0x00,0x00,0x00,0x00,0x00,0x00,0x00,0x00,
        0x00,0x00,0x00,0x00,0x00,0x00,0x00,0x00,0x00,0x00,0x00,0x00,0x00,0x00,0x00,0x00,
        0x00,0x00,0x00,0x00,0x00,0x00,0x00,0x00,0x00,0x00,0x00,0x00,0x00,0x00,0x00,0x00,
        0x9f,0x40,0x20,0x10,0x93,0x3c,0x20,0x40,0x00,0x00,0x00,0x00,0x00,0x00,0x00,0x00,
        0x00,0x00,0x00,0x00,0x00,0x00,0x00,0x00,0x00,0x00,0x00,0x00,0x00,0x00,0x00,0x00,
    };

    inline constexpr unsigned char k_rgba_24[2304] = {
        0x00,0x00,0x00,0x00,0x00,0x00,0x00,0x00,0x00,0x00,0x00,0x00,0x00,0x00,0x00,0x00,
        0x00,0x00,0x00,0x00,0x00,0x00,0x00,0x00,0x00,0x00,0x00,0x00,0x00,0x00,0x00,0x00,
        0x00,0x00,0x00,0x00,0x00,0x00,0x00,0x00,0x00,0x00,0x00,0x00,0x00,0x00,0x00,0x00,
        0x00,0x00,0x00,0x00,0x00,0x00,0x00,0x00,0x00,0x00,0x00,0x00,0x00,0x00,0x00,0x00,
        0x00,0x00,0x00,0x00,0x00,0x00,0x00,0x00,0x00,0x00,0x00,0x00,0x00,0x00,0x00,0x00,
        0x00,0x00,0x00,0x00,0x00,0x00,0x00,0x00,0x00,0x00,0x00,0x00,0x00,0x00,0x00,0x00,
        0x00,0x00,0x00,0x00,0x00,0x00,0x00,0x00,0x00,0x00,0x00,0x00,0x00,0x00,0x00,0x00,
        0x00,0x00,0x00,0x00,0x60,0x30,0x30,0x10,0x5f,0x22,0x24,0xaf,0x60,0x23,0x26,0x50,
        0x00,0x00,0x00,0x00,0x00,0x00,0x00,0x00,0x00,0x00,0x00,0x00,0x00,0x00,0x00,0x00,
        0x00,0x00,0x00,0x00,0x00,0x00,0x00,0x00,0x00,0x00,0x00,0x00,0x00,0x00,0x00,0x00,
        0x00,0x00,0x00,0x00,0x00,0x00,0x00,0x00,0x00,0x00,0x00,0x00,0x00,0x00,0x00,0x00,
        0x00,0x00,0x00,0x00,0x00,0x00,0x00,0x00,0x00,0x00,0x00,0x00,0x00,0x00,0x00,0x00,
        0x00,0x00,0x00,0x00,0x00,0x00,0x00,0x00,0x00,0x00,0x00,0x00,0x00,0x00,0x00,0x00,
        0x60,0x25,0x25,0x30,0x5f,0x21,0x25,0xcf,0x5f,0x21,0x24,0xff,0x5f,0x22,0x24,0xe1,
        0x60,0x30,0x30,0x10,0x00,0x00,0x00,0x00,0x00,0x00,0x00,0x00,0x00,0x00,0x00,0x00,
        0x00,0x00,0x00,0x00,0x00,0x00,0x00,0x00,0x00,0x00,0x00,0x00,0x00,0x00,0x00,0x00,
        0x00,0x00,0x00,0x00,0x00,0x00,0x00,0x00,0x00,0x00,0x00,0x00,0x00,0x00,0x00,0x00,
        0x00,0x00,0x00,0x00,0x00,0x00,0x00,0x00,0x00,0x00,0x00,0x00,0x00,0x00,0x00,0x00,
        0x00,0x00,0x00,0x00,0x00,0x00,0x00,0x00,0x00,0x00,0x00,0x00,0x60,0x28,0x28,0x20,
        0x60,0x21,0x24,0xf0,0x5f,0x21,0x24,0xff,0x5f,0x21,0x24,0xff,0x5f,0x21,0x24,0xff,
        0x60,0x22,0x24,0x80,0x00,0x00,0x00,0x00,0x00,0x00,0x00,0x00,0x00,0x00,0x00,0x00,
        0x00,0x00,0x00,0x00,0x00,0x00,0x00,0x00,0x00,0x00,0x00,0x00,0x00,0x00,0x00,0x00,
        0x00,0x00,0x00,0x00,0x00,0x00,0x00,0x00,0x00,0x00,0x00,0x00,0x00,0x00,0x00,0x00,
        0x00,0x00,0x00,0x00,0x00,0x00,0x00,0x00,0x00,0x00,0x00,0x00,0x00,0x00,0x00,0x00,
        0x00,0x00,0x00,0x00,0x00,0x00,0x00,0x00,0x00,0x00,0x00,0x00,0x5f,0x21,0x25,0xcf,
        0x5f,0x21,0x24,0xff,0x5f,0x21,0x24,0xff,0x5f,0x21,0x24,0xff,0x5f,0x21,0x24,0xfd,
        0x5f,0x22,0x24,0xf1,0x60,0x28,0x28,0x20,0x00,0x00,0x00,0x00,0x00,0x00,0x00,0x00,
        0x00,0x00,0x00,0x00,0x00,0x00,0x00,0x00,0x00,0x00,0x00,0x00,0x00,0x00,0x00,0x00,
        0x00,0x00,0x00,0x00,0x00,0x00,0x00,0x00,0x00,0x00,0x00,0x00,0x00,0x00,0x00,0x00,
        0x00,0x00,0x00,0x00,0x00,0x00,0x00,0x00,0x00,0x00,0x00,0x00,0x00,0x00,0x00,0x00,
        0x00,0x00,0x00,0x00,0x00,0x00,0x00,0x00,0x60,0x22,0x24,0x80,0x5f,0x21,0x24,0xff,
        0x5f,0x21,0x24,0xff,0x5f,0x21,0x24,0xff,0x5f,0x21,0x24,0xff,0x5f,0x21,0x24,0xff,
        0x5f,0x21,0x24,0xff,0x5f,0x22,0x24,0xaf,0x00,0x00,0x00,0x00,0x00,0x00,0x00,0x00,
        0x00,0x00,0x00,0x00,0xc6,0x82,0x18,0x3f,0xc6,0x82,0x18,0x3f,0xcf,0x80,0x20,0x10,
        0x00,0x00,0x00,0x00,0x00,0x00,0x00,0x00,0x00,0x00,0x00,0x00,0x00,0x00,0x00,0x00,
        0x00,0x00,0x00,0x00,0x00,0x00,0x00,0x00,0x00,0x00,0x00,0x00,0x00,0x00,0x00,0x00,
        0x00,0x00,0x00,0x00,0x60,0x30,0x30,0x10,0x60,0x21,0x24,0xf0,0x5f,0x21,0x24,0xfd,
        0x5f,0x21,0x24,0xff,0x5f,0x21,0x24,0xff,0x5f,0x21,0x24,0xff,0x5f,0x21,0x24,0xff,
        0x5f,0x21,0x24,0xff,0x5f,0x21,0x24,0xff,0x60,0x24,0x24,0x40,0xc5,0x80,0x15,0x30,
        0xc4,0x7f,0x15,0xf1,0xc4,0x7f,0x15,0xff,0xc4,0x7f,0x15,0xff,0xc4,0x7f,0x15,0xff,
        0xc6,0x80,0x16,0x50,0xbf,0x70,0x20,0x10,0xb7,0x67,0x14,0xbf,0xb7,0x68,0x15,0x60,
        0x00,0x00,0x00,0x00,0x00,0x00,0x00,0x00,0x00,0x00,0x00,0x00,0x00,0x00,0x00,0x00,
        0x00,0x00,0x00,0x00,0x60,0x23,0x25,0x60,0x5f,0x21,0x24,0xff,0x5f,0x21,0x24,0xff,
        0x5f,0x21,0x24,0xff,0x5f,0x21,0x24,0xff,0x5f,0x21,0x24,0xff,0x5f,0x21,0x24,0xff,
        0x5f,0x21,0x24,0xff,0x5f,0x21,0x24,0xff,0x5f,0x21,0x25,0xcf,0xcf,0x80,0x20,0x10,
        0xc5,0x80,0x15,0xf0,0xc4,0x7f,0x15,0xff,0xc4,0x7f,0x15,0xff,0xc4,0x7f,0x15,0xff,
        0xc3,0x80,0x18,0x40,0xb7,0x66,0x13,0xa0,0xb7,0x66,0x13,0xff,0xb7,0x66,0x13,0xff,
        0xba,0x6a,0x15,0x30,0x00,0x00,0x00,0x00,0x00,0x00,0x00,0x00,0x00,0x00,0x00,0x00,
        0x00,0x00,0x00,0x00,0x60,0x21,0x24,0xc0,0x5f,0x21,0x24,0xff,0x5f,0x21,0x24,0xff,
        0x5f,0x21,0x24,0xff,0x5f,0x21,0x24,0xff,0x5f,0x21,0x24,0xff,0x5f,0x21,0x24,0xff,
        0x5f,0x21,0x24,0xff,0x5f,0x21,0x24,0xff,0x5f,0x21,0x24,0xff,0x60,0x23,0x25,0x60,
        0xc3,0x80,0x16,0x80,0xc4,0x7f,0x15,0xff,0xc4,0x7f,0x15,0xff,0xc4,0x80,0x16,0xb0,
        0xba,0x6a,0x15,0x30,0xb7,0x66,0x13,0xff,0xb7,0x66,0x13,0xff,0xb6,0x66,0x13,0xfd,
        0xb7,0x66,0x13,0xf0,0x00,0x00,0x00,0x00,0x00,0x00,0x00,0x00,0x00,0x00,0x00,0x00,
        0x00,0x00,0x00,0x00,0x5f,0x21,0x24,0xef,0x5f,0x21,0x24,0xff,0x5f,0x21,0x24,0xff,
        0x5f,0x21,0x24,0xff,0x5f,0x21,0x24,0xff,0x5f,0x21,0x24,0xff,0x5f,0x21,0x24,0xff,
        0x5f,0x21,0x24,0xff,0x5f,0x21,0x24,0xff,0x5f,0x21,0x24,0xfe,0x60,0x21,0x24,0xf0,
        0x60,0x30,0x30,0x10,0xc4,0x80,0x16,0xe0,0xc4,0x7f,0x15,0xff,0xc7,0x80,0x18,0x20,
        0xb7,0x67,0x14,0xbf,0xb7,0x66,0x13,0xff,0xb7,0x66,0x13,0xff,0xb7,0x66,0x13,0xff,
        0xb7,0x66,0x13,0xff,0xb9,0x66,0x13,0x50,0x00,0x00,0x00,0x00,0x00,0x00,0x00,0x00,
        0x60,0x28,0x28,0x20,0x5f,0x21,0x24,0xff,0x5f,0x21,0x24,0xff,0x5f,0x21,0x24,0xff,
        0x5f,0x21,0x24,0xff,0x5f,0x21,0x24,0xff,0x5f,0x21,0x24,0xff,0x5f,0x21,0x24,0xff,
        0x5f,0x21,0x24,0xff,0x5f,0x21,0x24,0xff,0x5f,0x21,0x24,0xff,0x5f,0x21,0x24,0xff,
        0x60,0x22,0x24,0x70,0xc7,0x80,0x18,0x20,0xc5,0x80,0x15,0x30,0xb7,0x68,0x14,0x40,
        0xb7,0x66,0x13,0xff,0xb7,0x66,0x13,0xff,0xb7,0x66,0x13,0xff,0xb7,0x66,0x13,0xff,
        0xb7,0x66,0x13,0xff,0xb7,0x67,0x14,0xb0,0x00,0x00,0x00,0x00,0x00,0x00,0x00,0x00,
        0x60,0x30,0x30,0x10,0x60,0x21,0x24,0xb0,0x60,0x21,0x24,0xc0,0x60,0x21,0x24,0xc0,
        0x60,0x21,0x24,0xc0,0x60,0x21,0x24,0xc0,0x60,0x21,0x24,0xc0,0x60,0x21,0x24,0xc0,
        0x60,0x21,0x24,0xc0,0x60,0x21,0x24,0xc0,0x60,0x21,0x24,0xc0,0x60,0x21,0x24,0xc0,
        0x60,0x23,0x26,0x50,0x00,0x00,0x00,0x00,0x00,0x00,0x00,0x00,0xb7,0x68,0x18,0x20,
        0xb7,0x66,0x14,0xc0,0xb7,0x66,0x14,0xc0,0xb7,0x66,0x14,0xc0,0xb7,0x66,0x14,0xc0,
        0xb7,0x66,0x14,0xc0,0xb7,0x68,0x15,0x60,0x00,0x00,0x00,0x00,0x00,0x00,0x00,0x00,
        0x00,0x00,0x00,0x00,0x00,0x00,0x00,0x00,0x80,0x30,0x30,0x10,0x7d,0x2d,0x24,0x3f,
        0x7d,0x2d,0x24,0x3f,0x7d,0x2d,0x24,0x3f,0x7d,0x2d,0x24,0x3f,0x7d,0x2d,0x24,0x3f,
        0x7d,0x2d,0x24,0x3f,0x7d,0x2d,0x24,0x3f,0x7d,0x2d,0x24,0x3f,0x7d,0x2d,0x24,0x3f,
        0x80,0x30,0x30,0x10,0x00,0x00,0x00,0x00,0x00,0x00,0x00,0x00,0x00,0x00,0x00,0x00,
        0xaa,0x51,0x18,0x3f,0xaa,0x51,0x18,0x3f,0xaa,0x51,0x18,0x3f,0xaa,0x51,0x18,0x3f,
        0xaa,0x51,0x18,0x3f,0xaa,0x51,0x18,0x3f,0xaa,0x50,0x1b,0x30,0x00,0x00,0x00,0x00,
        0x00,0x00,0x00,0x00,0x00,0x00,0x00,0x00,0x7d,0x2a,0x24,0xb0,0x7c,0x2a,0x23,0xff,
        0x7c,0x2a,0x23,0xff,0x7c,0x2a,0x23,0xff,0x7c,0x2a,0x23,0xff,0x7c,0x2a,0x23,0xff,
        0x7c,0x2a,0x23,0xff,0x7c,0x2a,0x23,0xff,0x7c,0x2a,0x23,0xff,0x7c,0x2a,0x23,0xff,
        0x7c,0x2a,0x24,0x80,0x00,0x00,0x00,0x00,0x00,0x00,0x00,0x00,0xa9,0x50,0x16,0x50,
        0xa8,0x4e,0x16,0xff,0xa8,0x4e,0x16,0xff,0xa8,0x4e,0x16,0xff,0xa8,0x4e,0x16,0xff,
        0xa8,0x4e,0x16,0xff,0xa8,0x4e,0x16,0xff,0xa8,0x4e,0x16,0xff,0xa7,0x50,0x18,0x20,
        0x00,0x00,0x00,0x00,0x00,0x00,0x00,0x00,0x7c,0x2a,0x24,0x80,0x7c,0x2a,0x23,0xff,
        0x7c,0x2a,0x23,0xff,0x7c,0x2a,0x23,0xff,0x7c,0x2a,0x23,0xff,0x7c,0x2a,0x23,0xff,
        0x7c,0x2a,0x23,0xff,0x7c,0x2a,0x23,0xff,0x7c,0x2a,0x23,0xff,0x7c,0x2a,0x23,0xff,
        0x7c,0x2c,0x24,0x40,0x95,0x3a,0x1e,0x90,0x94,0x3a,0x1e,0xcf,0xaf,0x50,0x20,0x10,
        0xa9,0x4f,0x16,0xf0,0xa8,0x4e,0x16,0xff,0xa8,0x4e,0x16,0xff,0xa8,0x4e,0x16,0xff,
        0xa8,0x4e,0x16,0xff,0xa8,0x4e,0x16,0xff,0xa8,0x4e,0x17,0xe2,0x00,0x00,0x00,0x00,
        0x00,0x00,0x00,0x00,0x00,0x00,0x00,0x00,0x7c,0x2d,0x23,0x50,0x7c,0x2a,0x23,0xff,
        0x7c,0x2a,0x23,0xff,0x7c,0x2a,0x23,0xff,0x7c,0x2a,0x23,0xff,0x7c,0x2a,0x23,0xff,
        0x7c,0x2a,0x23,0xff,0x7c,0x2a,0x23,0xff,0x7c,0x2a,0x23,0xff,0x7c,0x2b,0x23,0xa0,
        0x93,0x3c,0x20,0x40,0x94,0x39,0x1d,0xff,0x94,0x39,0x1d,0xff,0x94,0x39,0x1e,0x70,
        0xa8,0x50,0x17,0x70,0xa8,0x4e,0x16,0xff,0xa8,0x4e,0x16,0xff,0xa8,0x4e,0x16,0xff,
        0xa8,0x4e,0x16,0xff,0xa8,0x4e,0x16,0xff,0xa8,0x4e,0x17,0x90,0x00,0x00,0x00,0x00,
        0x00,0x00,0x00,0x00,0x00,0x00,0x00,0x00,0x80,0x30,0x30,0x10,0x7c,0x2b,0x23,0xf0,
        0x7c,0x2a,0x23,0xff,0x7c,0x2a,0x23,0xff,0x7c,0x2a,0x23,0xff,0x7c,0x2a,0x23,0xff,
        0x7c,0x2a,0x23,0xff,0x7c,0x2a,0x23,0xfd,0x7d,0x2a,0x24,0xf1,0x80,0x30,0x28,0x20,
        0x94,0x39,0x1d,0xbf,0x94,0x39,0x1d,0xff,0x94,0x39,0x1d,0xfe,0x94,0x39,0x1e,0xf0,
        0x9f,0x40,0x20,0x10,0xa8,0x4e,0x16,0xd0,0xa8,0x4e,0x16,0xff,0xa8,0x4e,0x16,0xff,
        0xa8,0x4e,0x16,0xff,0xa8,0x4e,0x16,0xff,0xaa,0x50,0x1b,0x30,0x00,0x00,0x00,0x00,
        0x00,0x00,0x00,0x00,0x00,0x00,0x00,0x00,0x00,0x00,0x00,0x00,0x7c,0x2a,0x24,0x80,
        0x7c,0x2a,0x23,0xff,0x7c,0x2a,0x23,0xff,0x7c,0x2a,0x23,0xff,0x7c,0x2a,0x23,0xff,
        0x7c,0x2a,0x23,0xff,0x7c,0x2a,0x23,0xff,0x7c,0x2a,0x24,0x80,0x95,0x3a,0x1d,0x60,
        0x94,0x39,0x1d,0xff,0x94,0x39,0x1d,0xff,0x94,0x39,0x1d,0xff,0x94,0x39,0x1d,0xff,
        0x95,0x3a,0x1e,0x90,0xa7,0x50,0x18,0x40,0xa8,0x4e,0x16,0xff,0xa8,0x4e,0x16,0xff,
        0xa8,0x4e,0x16,0xff,0xa8,0x50,0x17,0x70,0x00,0x00,0x00,0x00,0x00,0x00,0x00,0x00,
        0x00,0x00,0x00,0x00,0x00,0x00,0x00,0x00,0x00,0x00,0x00,0x00,0x80,0x30,0x30,0x10,
        0x7c,0x2b,0x23,0xf0,0x7c,0x2a,0x23,0xff,0x7c,0x2a,0x23,0xff,0x7c,0x2a,0x23,0xff,
        0x7c,0x2a,0x23,0xff,0x7c,0x2a,0x23,0xe0,0x94,0x3a,0x29,0x1f,0x94,0x3a,0x1d,0xe1,
        0x94,0x39,0x1d,0xfd,0x94,0x39,0x1d,0xff,0x94,0x39,0x1d,0xff,0x94,0x39,0x1d,0xff,
        0x94,0x39,0x1d,0xff,0x95,0x3a,0x20,0x30,0xa8,0x4e,0x17,0xb0,0xa8,0x4e,0x16,0xff,
        0xa7,0x4e,0x16,0xa0,0x00,0x00,0x00,0x00,0x00,0x00,0x00,0x00,0x00,0x00,0x00,0x00,
        0x00,0x00,0x00,0x00,0x00,0x00,0x00,0x00,0x00,0x00,0x00,0x00,0x00,0x00,0x00,0x00,
        0x7c,0x2c,0x24,0x40,0x7c,0x2a,0x23,0xff,0x7c,0x2a,0x23,0xff,0x7c,0x2a,0x23,0xff,
        0x7c,0x2a,0x23,0xff,0x7c,0x2d,0x23,0x50,0x93,0x3a,0x1e,0x80,0x94,0x39,0x1d,0xff,
        0x94,0x39,0x1d,0xff,0x94,0x39,0x1d,0xff,0x94,0x39,0x1d,0xff,0x94,0x39,0x1d,0xff,
        0x94,0x39,0x1d,0xff,0x94,0x39,0x1d,0xbf,0xaf,0x50,0x20,0x10,0xa8,0x50,0x17,0x70,
        0x00,0x00,0x00,0x00,0x00,0x00,0x00,0x00,0x00,0x00,0x00,0x00,0x00,0x00,0x00,0x00,
        0x00,0x00,0x00,0x00,0x00,0x00,0x00,0x00,0x00,0x00,0x00,0x00,0x00,0x00,0x00,0x00,
        0x00,0x00,0x00,0x00,0x7d,0x2b,0x25,0x60,0x7c,0x2a,0x23,0xff,0x7c,0x2a,0x23,0xff,
        0x7c,0x2b,0x24,0xc0,0x97,0x40,0x20,0x20,0x94,0x39,0x1d,0xff,0x94,0x39,0x1d,0xff,
        0x94,0x39,0x1d,0xff,0x94,0x39,0x1d,0xff,0x94,0x39,0x1d,0xff,0x94,0x39,0x1d,0xff,
        0x94,0x39,0x1d,0xff,0x94,0x39,0x1d,0xff,0x96,0x39,0x20,0x50,0x00,0x00,0x00,0x00,
        0x00,0x00,0x00,0x00,0x00,0x00,0x00,0x00,0x00,0x00,0x00,0x00,0x00,0x00,0x00,0x00,
        0x00,0x00,0x00,0x00,0x00,0x00,0x00,0x00,0x00,0x00,0x00,0x00,0x00,0x00,0x00,0x00,
        0x00,0x00,0x00,0x00,0x00,0x00,0x00,0x00,0x7d,0x2b,0x25,0x60,0x7c,0x2b,0x24,0xc0,
        0x80,0x2b,0x25,0x30,0x95,0x3a,0x20,0x30,0x94,0x39,0x1d,0xff,0x94,0x39,0x1d,0xff,
        0x94,0x39,0x1d,0xff,0x94,0x39,0x1d,0xff,0x94,0x39,0x1d,0xff,0x94,0x39,0x1d,0xff,
        0x94,0x39,0x1d,0xff,0x94,0x39,0x1d,0xff,0x94,0x39,0x1e,0x70,0x00,0x00,0x00,0x00,
        0x00,0x00,0x00,0x00,0x00,0x00,0x00,0x00,0x00,0x00,0x00,0x00,0x00,0x00,0x00,0x00,
        0x00,0x00,0x00,0x00,0x00,0x00,0x00,0x00,0x00,0x00,0x00,0x00,0x00,0x00,0x00,0x00,
        0x00,0x00,0x00,0x00,0x00,0x00,0x00,0x00,0x00,0x00,0x00,0x00,0x00,0x00,0x00,0x00,
        0x00,0x00,0x00,0x00,0x00,0x00,0x00,0x00,0x9f,0x40,0x20,0x10,0x95,0x3a,0x1d,0x60,
        0x95,0x3a,0x1e,0x90,0x93,0x39,0x1d,0xc0,0x93,0x39,0x1d,0xc0,0x94,0x39,0x1e,0xa0,
        0x94,0x39,0x1e,0x70,0x97,0x40,0x20,0x20,0x00,0x00,0x00,0x00,0x00,0x00,0x00,0x00,
        0x00,0x00,0x00,0x00,0x00,0x00,0x00,0x00,0x00,0x00,0x00,0x00,0x00,0x00,0x00,0x00,
        0x00,0x00,0x00,0x00,0x00,0x00,0x00,0x00,0x00,0x00,0x00,0x00,0x00,0x00,0x00,0x00,
        0x00,0x00,0x00,0x00,0x00,0x00,0x00,0x00,0x00,0x00,0x00,0x00,0x00,0x00,0x00,0x00,
        0x00,0x00,0x00,0x00,0x00,0x00,0x00,0x00,0x00,0x00,0x00,0x00,0x00,0x00,0x00,0x00,
        0x00,0x00,0x00,0x00,0x00,0x00,0x00,0x00,0x00,0x00,0x00,0x00,0x00,0x00,0x00,0x00,
        0x00,0x00,0x00,0x00,0x00,0x00,0x00,0x00,0x00,0x00,0x00,0x00,0x00,0x00,0x00,0x00,
        0x00,0x00,0x00,0x00,0x00,0x00,0x00,0x00,0x00,0x00,0x00,0x00,0x00,0x00,0x00,0x00,
    };

    inline constexpr unsigned char k_rgba_32[4096] = {
        0x00,0x00,0x00,0x00,0x00,0x00,0x00,0x00,0x00,0x00,0x00,0x00,0x00,0x00,0x00,0x00,
        0x00,0x00,0x00,0x00,0x00,0x00,0x00,0x00,0x00,0x00,0x00,0x00,0x00,0x00,0x00,0x00,
        0x00,0x00,0x00,0x00,0x00,0x00,0x00,0x00,0x00,0x00,0x00,0x00,0x00,0x00,0x00,0x00,
        0x00,0x00,0x00,0x00,0x00,0x00,0x00,0x00,0x00,0x00,0x00,0x00,0x00,0x00,0x00,0x00,
        0x00,0x00,0x00,0x00,0x00,0x00,0x00,0x00,0x00,0x00,0x00,0x00,0x00,0x00,0x00,0x00,
        0x00,0x00,0x00,0x00,0x00,0x00,0x00,0x00,0x00,0x00,0x00,0x00,0x00,0x00,0x00,0x00,
        0x00,0x00,0x00,0x00,0x00,0x00,0x00,0x00,0x00,0x00,0x00,0x00,0x00,0x00,0x00,0x00,
        0x00,0x00,0x00,0x00,0x00,0x00,0x00,0x00,0x00,0x00,0x00,0x00,0x00,0x00,0x00,0x00,
        0x00,0x00,0x00,0x00,0x00,0x00,0x00,0x00,0x00,0x00,0x00,0x00,0x00,0x00,0x00,0x00,
        0x00,0x00,0x00,0x00,0x00,0x00,0x00,0x00,0x00,0x00,0x00,0x00,0x00,0x00,0x00,0x00,
        0x60,0x25,0x25,0x30,0x60,0x28,0x28,0x20,0x00,0x00,0x00,0x00,0x00,0x00,0x00,0x00,
        0x00,0x00,0x00,0x00,0x00,0x00,0x00,0x00,0x00,0x00,0x00,0x00,0x00,0x00,0x00,0x00,
        0x00,0x00,0x00,0x00,0x00,0x00,0x00,0x00,0x00,0x00,0x00,0x00,0x00,0x00,0x00,0x00,
        0x00,0x00,0x00,0x00,0x00,0x00,0x00,0x00,0x00,0x00,0x00,0x00,0x00,0x00,0x00,0x00,
        0x00,0x00,0x00,0x00,0x00,0x00,0x00,0x00,0x00,0x00,0x00,0x00,0x00,0x00,0x00,0x00,
        0x00,0x00,0x00,0x00,0x00,0x00,0x00,0x00,0x00,0x00,0x00,0x00,0x00,0x00,0x00,0x00,
        0x00,0x00,0x00,0x00,0x00,0x00,0x00,0x00,0x00,0x00,0x00,0x00,0x00,0x00,0x00,0x00,
        0x00,0x00,0x00,0x00,0x00,0x00,0x00,0x00,0x00,0x00,0x00,0x00,0x60,0x23,0x25,0x60,
        0x5f,0x21,0x24,0xff,0x5f,0x21,0x24,0xef,0x60,0x28,0x28,0x20,0x00,0x00,0x00,0x00,
        0x00,0x00,0x00,0x00,0x00,0x00,0x00,0x00,0x00,0x00,0x00,0x00,0x00,0x00,0x00,0x00,
        0x00,0x00,0x00,0x00,0x00,0x00,0x00,0x00,0x00,0x00,0x00,0x00,0x00,0x00,0x00,0x00,
        0x00,0x00,0x00,0x00,0x00,0x00,0x00,0x00,0x00,0x00,0x00,0x00,0x00,0x00,0x00,0x00,
        0x00,0x00,0x00,0x00,0x00,0x00,0x00,0x00,0x00,0x00,0x00,0x00,0x00,0x00,0x00,0x00,
        0x00,0x00,0x00,0x00,0x00,0x00,0x00,0x00,0x00,0x00,0x00,0x00,0x00,0x00,0x00,0x00,
        0x00,0x00,0x00,0x00,0x00,0x00,0x00,0x00,0x00,0x00,0x00,0x00,0x00,0x00,0x00,0x00,
        0x00,0x00,0x00,0x00,0x00,0x00,0x00,0x00,0x60,0x22,0x25,0x8f,0x5f,0x21,0x24,0xff,
        0x5f,0x21,0x24,0xff,0x5f,0x21,0x24,0xff,0x5f,0x22,0x24,0xaf,0x00,0x00,0x00,0x00,
        0x00,0x00,0x00,0x00,0x00,0x00,0x00,0x00,0x00,0x00,0x00,0x00,0x00,0x00,0x00,0x00,
        0x00,0x00,0x00,0x00,0x00,0x00,0x00,0x00,0x00,0x00,0x00,0x00,0x00,0x00,0x00,0x00,
        0x00,0x00,0x00,0x00,0x00,0x00,0x00,0x00,0x00,0x00,0x00,0x00,0x00,0x00,0x00,0x00,
        0x00,0x00,0x00,0x00,0x00,0x00,0x00,0x00,0x00,0x00,0x00,0x00,0x00,0x00,0x00,0x00,
        0x00,0x00,0x00,0x00,0x00,0x00,0x00,0x00,0x00,0x00,0x00,0x00,0x00,0x00,0x00,0x00,
        0x00,0x00,0x00,0x00,0x00,0x00,0x00,0x00,0x00,0x00,0x00,0x00,0x00,0x00,0x00,0x00,
        0x00,0x00,0x00,0x00,0x60,0x22,0x25,0x9f,0x5f,0x21,0x24,0xff,0x5f,0x21,0x24,0xff,
        0x5f,0x21,0x24,0xff,0x5f,0x21,0x24,0xff,0x5f,0x21,0x24,0xff,0x60,0x24,0x24,0x40,
        0x00,0x00,0x00,0x00,0x00,0x00,0x00,0x00,0x00,0x00,0x00,0x00,0x00,0x00,0x00,0x00,
        0x00,0x00,0x00,0x00,0x00,0x00,0x00,0x00,0x00,0x00,0x00,0x00,0x00,0x00,0x00,0x00,
        0x00,0x00,0x00,0x00,0x00,0x00,0x00,0x00,0x00,0x00,0x00,0x00,0x00,0x00,0x00,0x00,
        0x00,0x00,0x00,0x00,0x00,0x00,0x00,0x00,0x00,0x00,0x00,0x00,0x00,0x00,0x00,0x00,
        0x00,0x00,0x00,0x00,0x00,0x00,0x00,0x00,0x00,0x00,0x00,0x00,0x00,0x00,0x00,0x00,
        0x00,0x00,0x00,0x00,0x00,0x00,0x00,0x00,0x00,0x00,0x00,0x00,0x00,0x00,0x00,0x00,
        0x60,0x23,0x25,0x60,0x5f,0x21,0x24,0xff,0x5f,0x21,0x24,0xff,0x5f,0x21,0x24,0xff,
        0x5f,0x21,0x24,0xff,0x5f,0x21,0x24,0xff,0x5f,0x21,0x24,0xff,0x5f,0x21,0x25,0xcf,
        0x00,0x00,0x00,0x00,0x00,0x00,0x00,0x00,0x00,0x00,0x00,0x00,0x00,0x00,0x00,0x00,
        0x00,0x00,0x00,0x00,0x00,0x00,0x00,0x00,0x00,0x00,0x00,0x00,0x00,0x00,0x00,0x00,
        0x00,0x00,0x00,0x00,0x00,0x00,0x00,0x00,0x00,0x00,0x00,0x00,0x00,0x00,0x00,0x00,
        0x00,0x00,0x00,0x00,0x00,0x00,0x00,0x00,0x00,0x00,0x00,0x00,0x00,0x00,0x00,0x00,
        0x00,0x00,0x00,0x00,0x00,0x00,0x00,0x00,0x00,0x00,0x00,0x00,0x00,0x00,0x00,0x00,
        0x00,0x00,0x00,0x00,0x00,0x00,0x00,0x00,0x00,0x00,0x00,0x00,0x60,0x28,0x28,0x20,
        0x5f,0x21,0x24,0xef,0x5f,0x21,0x24,0xff,0x5f,0x21,0x24,0xff,0x5f,0x21,0x24,0xff,
        0x5f,0x21,0x24,0xff,0x5f,0x21,0x24,0xff,0x5f,0x21,0x24,0xff,0x5f,0x21,0x24,0xff,
        0x60,0x23,0x25,0x60,0x00,0x00,0x00,0x00,0x00,0x00,0x00,0x00,0x00,0x00,0x00,0x00,
        0x00,0x00,0x00,0x00,0x00,0x00,0x00,0x00,0x00,0x00,0x00,0x00,0x00,0x00,0x00,0x00,
        0x00,0x00,0x00,0x00,0x00,0x00,0x00,0x00,0x00,0x00,0x00,0x00,0x00,0x00,0x00,0x00,
        0x00,0x00,0x00,0x00,0x00,0x00,0x00,0x00,0x00,0x00,0x00,0x00,0x00,0x00,0x00,0x00,
        0x00,0x00,0x00,0x00,0x00,0x00,0x00,0x00,0x00,0x00,0x00,0x00,0x00,0x00,0x00,0x00,
        0x00,0x00,0x00,0x00,0x00,0x00,0x00,0x00,0x00,0x00,0x00,0x00,0x5f,0x21,0x24,0xbf,
        0x5f,0x21,0x24,0xff,0x5f,0x21,0x24,0xff,0x5f,0x21,0x24,0xff,0x5f,0x21,0x24,0xff,
        0x5f,0x21,0x24,0xff,0x5f,0x21,0x24,0xff,0x5f,0x21,0x24,0xff,0x5f,0x21,0x24,0xff,
        0x5f,0x21,0x24,0xef,0x60,0x30,0x30,0x10,0x00,0x00,0x00,0x00,0x00,0x00,0x00,0x00,
        0x00,0x00,0x00,0x00,0xc5,0x80,0x15,0x30,0xc6,0x82,0x18,0x3f,0xc6,0x82,0x18,0x3f,
        0xc7,0x80,0x18,0x20,0x00,0x00,0x00,0x00,0x00,0x00,0x00,0x00,0x00,0x00,0x00,0x00,
        0x00,0x00,0x00,0x00,0x00,0x00,0x00,0x00,0x00,0x00,0x00,0x00,0x00,0x00,0x00,0x00,
        0x00,0x00,0x00,0x00,0x00,0x00,0x00,0x00,0x00,0x00,0x00,0x00,0x00,0x00,0x00,0x00,
        0x00,0x00,0x00,0x00,0x00,0x00,0x00,0x00,0x60,0x24,0x24,0x40,0x5f,0x21,0x24,0xff,
        0x5f,0x21,0x24,0xff,0x5f,0x21,0x24,0xff,0x5f,0x21,0x24,0xff,0x5f,0x21,0x24,0xff,
        0x5f,0x21,0x24,0xff,0x5f,0x21,0x24,0xff,0x5f,0x21,0x24,0xff,0x5f,0x21,0x24,0xff,
        0x5f,0x21,0x24,0xff,0x60,0x22,0x25,0x90,0x00,0x00,0x00,0x00,0xc7,0x80,0x18,0x20,
        0xc3,0x7f,0x15,0xef,0xc4,0x7f,0x15,0xff,0xc4,0x7f,0x15,0xff,0xc4,0x7f,0x15,0xff,
        0xc4,0x7f,0x15,0xff,0xc4,0x7f,0x15,0xbf,0x00,0x00,0x00,0x00,0xbf,0x70,0x20,0x10,
        0xb8,0x66,0x13,0xaf,0xb8,0x66,0x14,0x8f,0x00,0x00,0x00,0x00,0x00,0x00,0x00,0x00,
        0x00,0x00,0x00,0x00,0x00,0x00,0x00,0x00,0x00,0x00,0x00,0x00,0x00,0x00,0x00,0x00,
        0x00,0x00,0x00,0x00,0x00,0x00,0x00,0x00,0x60,0x21,0x25,0xa0,0x5f,0x21,0x24,0xff,
        0x5f,0x21,0x24,0xff,0x5f,0x21,0x24,0xff,0x5f,0x21,0x24,0xff,0x5f,0x21,0x24,0xff,
        0x5f,0x21,0x24,0xff,0x5f,0x21,0x24,0xff,0x5f,0x21,0x24,0xff,0x5f,0x21,0x24,0xff,
        0x5f,0x21,0x24,0xff,0x5f,0x21,0x24,0xff,0x60,0x28,0x28,0x20,0xc5,0x80,0x15,0x30,
        0xc4,0x7f,0x15,0xff,0xc4,0x7f,0x15,0xff,0xc4,0x7f,0x15,0xff,0xc4,0x7f,0x15,0xff,
        0xc4,0x7f,0x15,0xff,0xc4,0x80,0x15,0xf0,0x00,0x00,0x00,0x00,0xb7,0x66,0x14,0x80,
        0xb7,0x66,0x13,0xff,0xb7,0x66,0x13,0xff,0xb6,0x67,0x13,0x90,0x00,0x00,0x00,0x00,
        0x00,0x00,0x00,0x00,0x00,0x00,0x00,0x00,0x00,0x00,0x00,0x00,0x00,0x00,0x00,0x00,
        0x00,0x00,0x00,0x00,0x60,0x28,0x28,0x20,0x5f,0x21,0x24,0xff,0x5f,0x21,0x24,0xff,
        0x5f,0x21,0x24,0xff,0x5f,0x21,0x24,0xff,0x5f,0x21,0x24,0xff,0x5f,0x21,0x24,0xff,
        0x5f,0x21,0x24,0xff,0x5f,0x21,0x24,0xff,0x5f,0x21,0x24,0xff,0x5f,0x21,0x24,0xff,
        0x5f,0x21,0x24,0xff,0x5f,0x21,0x24,0xff,0x5f,0x21,0x24,0xbf,0x00,0x00,0x00,0x00,
        0xc3,0x80,0x15,0xc0,0xc4,0x7f,0x15,0xff,0xc4,0x7f,0x15,0xff,0xc4,0x7f,0x15,0xff,
        0xc4,0x7f,0x15,0xff,0xc5,0x80,0x15,0x60,0xb7,0x68,0x18,0x20,0xb6,0x66,0x13,0xef,
        0xb7,0x66,0x13,0xff,0xb7,0x66,0x13,0xff,0xb7,0x66,0x13,0xff,0xb7,0x68,0x15,0x60,
        0x00,0x00,0x00,0x00,0x00,0x00,0x00,0x00,0x00,0x00,0x00,0x00,0x00,0x00,0x00,0x00,
        0x00,0x00,0x00,0x00,0x60,0x23,0x26,0x50,0x5f,0x21,0x24,0xff,0x5f,0x21,0x24,0xff,
        0x5f,0x21,0x24,0xff,0x5f,0x21,0x24,0xff,0x5f,0x21,0x24,0xff,0x5f,0x21,0x24,0xff,
        0x5f,0x21,0x24,0xff,0x5f,0x21,0x24,0xff,0x5f,0x21,0x24,0xff,0x5f,0x21,0x24,0xff,
        0x5f,0x21,0x24,0xff,0x5f,0x21,0x24,0xff,0x5f,0x21,0x24,0xff,0x60,0x24,0x24,0x40,
        0xc5,0x80,0x15,0x30,0xc4,0x7f,0x15,0xff,0xc4,0x7f,0x15,0xff,0xc4,0x7f,0x15,0xff,
        0xc4,0x80,0x16,0xd0,0x00,0x00,0x00,0x00,0xb8,0x66,0x13,0xaf,0xb7,0x66,0x13,0xff,
        0xb7,0x66,0x13,0xff,0xb7,0x66,0x13,0xff,0xb7,0x66,0x13,0xff,0xb6,0x66,0x13,0xef,
        0xbf,0x70,0x20,0x10,0x00,0x00,0x00,0x00,0x00,0x00,0x00,0x00,0x00,0x00,0x00,0x00,
        0x00,0x00,0x00,0x00,0x60,0x22,0x24,0x80,0x5f,0x21,0x24,0xff,0x5f,0x21,0x24,0xff,
        0x5f,0x21,0x24,0xff,0x5f,0x21,0x24,0xff,0x5f,0x21,0x24,0xff,0x5f,0x21,0x24,0xff,
        0x5f,0x21,0x24,0xff,0x5f,0x21,0x24,0xff,0x5f,0x21,0x24,0xff,0x5f,0x21,0x24,0xff,
        0x5f,0x21,0x24,0xff,0x5f,0x21,0x24,0xff,0x5f,0x21,0x24,0xff,0x5f,0x21,0x25,0xdf,
        0x00,0x00,0x00,0x00,0xc4,0x80,0x16,0xa0,0xc4,0x7f,0x15,0xff,0xc4,0x7f,0x15,0xff,
        0xc3,0x80,0x18,0x40,0xb7,0x68,0x14,0x40,0xb7,0x66,0x13,0xff,0xb7,0x66,0x13,0xff,
        0xb7,0x66,0x13,0xff,0xb7,0x66,0x13,0xff,0xb7,0x66,0x13,0xff,0xb7,0x66,0x13,0xff,
        0xb7,0x68,0x15,0x60,0x00,0x00,0x00,0x00,0x00,0x00,0x00,0x00,0x00,0x00,0x00,0x00,
        0x00,0x00,0x00,0x00,0x60,0x21,0x24,0xc0,0x5f,0x21,0x24,0xff,0x5f,0x21,0x24,0xff,
        0x5f,0x21,0x24,0xff,0x5f,0x21,0x24,0xff,0x5f,0x21,0x24,0xff,0x5f,0x21,0x24,0xff,
        0x5f,0x21,0x24,0xff,0x5f,0x21,0x24,0xff,0x5f,0x21,0x24,0xff,0x5f,0x21,0x24,0xff,
        0x5f,0x21,0x24,0xff,0x5f,0x21,0x24,0xff,0x5f,0x21,0x24,0xff,0x5f,0x21,0x24,0xff,
        0x60,0x22,0x24,0x70,0xcf,0x80,0x20,0x10,0xc4,0x80,0x16,0xb0,0xc5,0x80,0x15,0x90,
        0x00,0x00,0x00,0x00,0xb6,0x66,0x14,0xcf,0xb7,0x66,0x13,0xff,0xb7,0x66,0x13,0xff,
        0xb7,0x66,0x13,0xff,0xb7,0x66,0x13,0xff,0xb7,0x66,0x13,0xff,0xb7,0x66,0x13,0xff,
        0xb7,0x67,0x14,0xbf,0x00,0x00,0x00,0x00,0x00,0x00,0x00,0x00,0x00,0x00,0x00,0x00,
        0x00,0x00,0x00,0x00,0x60,0x21,0x24,0xe0,0x5f,0x21,0x24,0xff,0x5f,0x21,0x24,0xff,
        0x5f,0x21,0x24,0xff,0x5f,0x21,0x24,0xff,0x5f,0x21,0x24,0xff,0x5f,0x21,0x24,0xff,
        0x5f,0x21,0x24,0xff,0x5f,0x21,0x24,0xff,0x5f,0x21,0x24,0xff,0x5f,0x21,0x24,0xff,
        0x5f,0x21,0x24,0xff,0x5f,0x21,0x24,0xff,0x5f,0x21,0x24,0xff,0x5f,0x21,0x24,0xff,
        0x60,0x21,0x24,0xc0,0x00,0x00,0x00,0x00,0x00,0x00,0x00,0x00,0x00,0x00,0x00,0x00,
        0xba,0x6a,0x15,0x30,0xb7,0x66,0x13,0xff,0xb7,0x66,0x13,0xff,0xb7,0x66,0x13,0xff,
        0xb7,0x66,0x13,0xff,0xb7,0x66,0x13,0xff,0xb7,0x66,0x13,0xff,0xb7,0x66,0x13,0xff,
        0xb7,0x66,0x13,0xff,0x00,0x00,0x00,0x00,0x00,0x00,0x00,0x00,0x00,0x00,0x00,0x00,
        0x00,0x00,0x00,0x00,0x60,0x23,0x26,0x50,0x60,0x21,0x24,0xb0,0x60,0x21,0x24,0xc0,
        0x60,0x21,0x24,0xc0,0x60,0x21,0x24,0xc0,0x60,0x21,0x24,0xc0,0x60,0x21,0x24,0xc0,
        0x60,0x21,0x24,0xc0,0x60,0x21,0x24,0xc0,0x60,0x21,0x24,0xc0,0x60,0x21,0x24,0xc0,
        0x60,0x21,0x24,0xc0,0x60,0x21,0x24,0xc0,0x60,0x21,0x24,0xc0,0x60,0x21,0x24,0xb0,
        0x60,0x25,0x25,0x30,0x00,0x00,0x00,0x00,0x00,0x00,0x00,0x00,0x00,0x00,0x00,0x00,
        0x00,0x00,0x00,0x00,0xb8,0x66,0x14,0x70,0xb7,0x66,0x14,0xc0,0xb7,0x66,0x14,0xc0,
        0xb7,0x66,0x14,0xc0,0xb7,0x66,0x14,0xc0,0xb7,0x66,0x14,0xc0,0xb7,0x66,0x14,0xc0,
        0xb9,0x66,0x13,0x50,0x00,0x00,0x00,0x00,0x00,0x00,0x00,0x00,0x00,0x00,0x00,0x00,
        0x00,0x00,0x00,0x00,0x00,0x00,0x00,0x00,0x00,0x00,0x00,0x00,0x00,0x00,0x00,0x00,
        0x00,0x00,0x00,0x00,0x00,0x00,0x00,0x00,0x00,0x00,0x00,0x00,0x00,0x00,0x00,0x00,
        0x00,0x00,0x00,0x00,0x00,0x00,0x00,0x00,0x00,0x00,0x00,0x00,0x00,0x00,0x00,0x00,
        0x00,0x00,0x00,0x00,0x00,0x00,0x00,0x00,0x00,0x00,0x00,0x00,0x00,0x00,0x00,0x00,
        0x00,0x00,0x00,0x00,0x00,0x00,0x00,0x00,0x00,0x00,0x00,0x00,0x00,0x00,0x00,0x00,
        0x00,0x00,0x00,0x00,0x00,0x00,0x00,0x00,0x00,0x00,0x00,0x00,0x00,0x00,0x00,0x00,
        0x00,0x00,0x00,0x00,0x00,0x00,0x00,0x00,0x00,0x00,0x00,0x00,0x00,0x00,0x00,0x00,
        0x00,0x00,0x00,0x00,0x00,0x00,0x00,0x00,0x00,0x00,0x00,0x00,0x00,0x00,0x00,0x00,
        0x00,0x00,0x00,0x00,0x00,0x00,0x00,0x00,0x00,0x00,0x00,0x00,0x7c,0x2b,0x24,0xbf,
        0x7c,0x2a,0x23,0xff,0x7c,0x2a,0x23,0xff,0x7c,0x2a,0x23,0xff,0x7c,0x2a,0x23,0xff,
        0x7c,0x2a,0x23,0xff,0x7c,0x2a,0x23,0xff,0x7c,0x2a,0x23,0xff,0x7c,0x2a,0x23,0xff,
        0x7c,0x2a,0x23,0xff,0x7c,0x2a,0x23,0xff,0x7c,0x2a,0x23,0xff,0x7c,0x2a,0x23,0xff,
        0x7c,0x2b,0x23,0x90,0x00,0x00,0x00,0x00,0x00,0x00,0x00,0x00,0x00,0x00,0x00,0x00,
        0xaf,0x50,0x20,0x10,0xa8,0x4e,0x16,0xef,0xa8,0x4e,0x16,0xff,0xa8,0x4e,0x16,0xff,
        0xa8,0x4e,0x16,0xff,0xa8,0x4e,0x16,0xff,0xa8,0x4e,0x16,0xff,0xa8,0x4e,0x16,0xff,
        0xa8,0x4e,0x16,0xff,0xa8,0x4e,0x16,0xff,0xa8,0x4e,0x17,0x90,0x00,0x00,0x00,0x00,
        0x00,0x00,0x00,0x00,0x00,0x00,0x00,0x00,0x00,0x00,0x00,0x00,0x7c,0x2a,0x23,0xe0,
        0x7c,0x2a,0x23,0xff,0x7c,0x2a,0x23,0xff,0x7c,0x2a,0x23,0xff,0x7c,0x2a,0x23,0xff,
        0x7c,0x2a,0x23,0xff,0x7c,0x2a,0x23,0xff,0x7c,0x2a,0x23,0xff,0x7c,0x2a,0x23,0xff,
        0x7c,0x2a,0x23,0xff,0x7c,0x2a,0x23,0xff,0x7c,0x2a,0x23,0xff,0x7c,0x2a,0x23,0xff,
        0x7d,0x2a,0x24,0xb0,0x00,0x00,0x00,0x00,0x95,0x3a,0x20,0x30,0x9f,0x40,0x20,0x10,
        0xa7,0x50,0x18,0x20,0xa8,0x4e,0x16,0xff,0xa8,0x4e,0x16,0xff,0xa8,0x4e,0x16,0xff,
        0xa8,0x4e,0x16,0xff,0xa8,0x4e,0x16,0xff,0xa8,0x4e,0x16,0xff,0xa8,0x4e,0x16,0xff,
        0xa8,0x4e,0x16,0xff,0xa8,0x4e,0x16,0xff,0xa8,0x4e,0x16,0xd0,0x00,0x00,0x00,0x00,
        0x00,0x00,0x00,0x00,0x00,0x00,0x00,0x00,0x00,0x00,0x00,0x00,0x7c,0x2b,0x23,0xa0,
        0x7c,0x2a,0x23,0xff,0x7c,0x2a,0x23,0xff,0x7c,0x2a,0x23,0xff,0x7c,0x2a,0x23,0xff,
        0x7c,0x2a,0x23,0xff,0x7c,0x2a,0x23,0xff,0x7c,0x2a,0x23,0xff,0x7c,0x2a,0x23,0xff,
        0x7c,0x2a,0x23,0xff,0x7c,0x2a,0x23,0xff,0x7c,0x2a,0x23,0xff,0x7c,0x2a,0x23,0xff,
        0x7c,0x2c,0x24,0x40,0x93,0x3c,0x20,0x40,0x94,0x39,0x1d,0xff,0x94,0x39,0x1e,0xdf,
        0x9f,0x40,0x20,0x10,0xa8,0x4e,0x17,0x90,0xa8,0x4e,0x16,0xff,0xa8,0x4e,0x16,0xff,
        0xa8,0x4e,0x16,0xff,0xa8,0x4e,0x16,0xff,0xa8,0x4e,0x16,0xff,0xa8,0x4e,0x16,0xff,
        0xa8,0x4e,0x16,0xff,0xa8,0x4e,0x16,0xff,0xa8,0x50,0x17,0x70,0x00,0x00,0x00,0x00,
        0x00,0x00,0x00,0x00,0x00,0x00,0x00,0x00,0x00,0x00,0x00,0x00,0x7d,0x2b,0x24,0x70,
        0x7c,0x2a,0x23,0xff,0x7c,0x2a,0x23,0xff,0x7c,0x2a,0x23,0xff,0x7c,0x2a,0x23,0xff,
        0x7c,0x2a,0x23,0xff,0x7c,0x2a,0x23,0xff,0x7c,0x2a,0x23,0xff,0x7c,0x2a,0x23,0xff,
        0x7c,0x2a,0x23,0xff,0x7c,0x2a,0x23,0xff,0x7c,0x2a,0x23,0xff,0x7c,0x2b,0x23,0xa0,
        0x00,0x00,0x00,0x00,0x94,0x39,0x1e,0xdf,0x94,0x39,0x1d,0xff,0x94,0x39,0x1d,0xff,
        0x93,0x3a,0x1e,0x80,0xaf,0x50,0x20,0x10,0xa8,0x4f,0x16,0xf0,0xa8,0x4e,0x16,0xff,
        0xa8,0x4e,0x16,0xff,0xa8,0x4e,0x16,0xff,0xa8,0x4e,0x16,0xff,0xa8,0x4e,0x16,0xff,
        0xa8,0x4e,0x16,0xff,0xa8,0x4e,0x16,0xff,0xa7,0x50,0x18,0x20,0x00,0x00,0x00,0x00,
        0x00,0x00,0x00,0x00,0x00,0x00,0x00,0x00,0x00,0x00,0x00,0x00,0x80,0x30,0x28,0x20,
        0x7c,0x2a,0x23,0xff,0x7c,0x2a,0x23,0xff,0x7c,0x2a,0x23,0xff,0x7c,0x2a,0x23,0xff,
        0x7c,0x2a,0x23,0xff,0x7c,0x2a,0x23,0xff,0x7c,0x2a,0x23,0xff,0x7c,0x2a,0x23,0xff,
        0x7c,0x2a,0x23,0xff,0x7c,0x2a,0x23,0xff,0x7c,0x2b,0x23,0xf0,0x80,0x30,0x30,0x10,
        0x94,0x39,0x1e,0x70,0x94,0x39,0x1d,0xff,0x94,0x39,0x1d,0xff,0x94,0x39,0x1d,0xff,
        0x94,0x3a,0x1e,0xef,0x97,0x40,0x20,0x20,0xa8,0x50,0x17,0x70,0xa8,0x4e,0x16,0xff,
        0xa8,0x4e,0x16,0xff,0xa8,0x4e,0x16,0xff,0xa8,0x4e,0x16,0xff,0xa8,0x4e,0x16,0xff,
        0xa8,0x4e,0x16,0xff,0xa7,0x4e,0x17,0xc0,0x00,0x00,0x00,0x00,0x00,0x00,0x00,0x00,
        0x00,0x00,0x00,0x00,0x00,0x00,0x00,0x00,0x00,0x00,0x00,0x00,0x00,0x00,0x00,0x00,
        0x7c,0x2b,0x24,0xc0,0x7c,0x2a,0x23,0xff,0x7c,0x2a,0x23,0xff,0x7c,0x2a,0x23,0xff,
        0x7c,0x2a,0x23,0xff,0x7c,0x2a,0x23,0xff,0x7c,0x2a,0x23,0xff,0x7c,0x2a,0x23,0xff,
        0x7c,0x2a,0x23,0xff,0x7c,0x2a,0x23,0xff,0x7c,0x2a,0x24,0x80,0x9f,0x40,0x20,0x10,
        0x94,0x3a,0x1e,0xef,0x94,0x39,0x1d,0xff,0x94,0x39,0x1d,0xff,0x94,0x39,0x1d,0xff,
        0x94,0x39,0x1d,0xff,0x94,0x39,0x1e,0xa0,0x00,0x00,0x00,0x00,0xa8,0x4e,0x16,0xd0,
        0xa8,0x4e,0x16,0xff,0xa8,0x4e,0x16,0xff,0xa8,0x4e,0x16,0xff,0xa8,0x4e,0x16,0xff,
        0xa8,0x4e,0x16,0xff,0xa9,0x50,0x16,0x50,0x00,0x00,0x00,0x00,0x00,0x00,0x00,0x00,
        0x00,0x00,0x00,0x00,0x00,0x00,0x00,0x00,0x00,0x00,0x00,0x00,0x00,0x00,0x00,0x00,
        0x7c,0x2c,0x24,0x40,0x7c,0x2a,0x23,0xff,0x7c,0x2a,0x23,0xff,0x7c,0x2a,0x23,0xff,
        0x7c,0x2a,0x23,0xff,0x7c,0x2a,0x23,0xff,0x7c,0x2a,0x23,0xff,0x7c,0x2a,0x23,0xff,
        0x7c,0x2a,0x23,0xff,0x7c,0x2a,0x23,0xe0,0x00,0x00,0x00,0x00,0x95,0x3a,0x1e,0x90,
        0x94,0x39,0x1d,0xff,0x94,0x39,0x1d,0xff,0x94,0x39,0x1d,0xff,0x94,0x39,0x1d,0xff,
        0x94,0x39,0x1d,0xff,0x94,0x39,0x1d,0xff,0x93,0x3c,0x20,0x40,0xa7,0x50,0x18,0x40,
        0xa8,0x4e,0x16,0xff,0xa8,0x4e,0x16,0xff,0xa8,0x4e,0x16,0xff,0xa8,0x4e,0x16,0xff,
        0xa7,0x4e,0x16,0x80,0x00,0x00,0x00,0x00,0x00,0x00,0x00,0x00,0x00,0x00,0x00,0x00,
        0x00,0x00,0x00,0x00,0x00,0x00,0x00,0x00,0x00,0x00,0x00,0x00,0x00,0x00,0x00,0x00,
        0x00,0x00,0x00,0x00,0x7c,0x2b,0x24,0xc0,0x7c,0x2a,0x23,0xff,0x7c,0x2a,0x23,0xff,
        0x7c,0x2a,0x23,0xff,0x7c,0x2a,0x23,0xff,0x7c,0x2a,0x23,0xff,0x7c,0x2a,0x23,0xff,
        0x7c,0x2a,0x23,0xff,0x7c,0x2d,0x23,0x50,0x95,0x3a,0x20,0x30,0x94,0x39,0x1d,0xff,
        0x94,0x39,0x1d,0xff,0x94,0x39,0x1d,0xff,0x94,0x39,0x1d,0xff,0x94,0x39,0x1d,0xff,
        0x94,0x39,0x1d,0xff,0x94,0x39,0x1d,0xff,0x94,0x39,0x1d,0xbf,0x00,0x00,0x00,0x00,
        0xa8,0x4e,0x17,0xb0,0xa8,0x4e,0x16,0xff,0xa8,0x4e,0x16,0xff,0xa7,0x4e,0x16,0xa0,
        0x00,0x00,0x00,0x00,0x00,0x00,0x00,0x00,0x00,0x00,0x00,0x00,0x00,0x00,0x00,0x00,
        0x00,0x00,0x00,0x00,0x00,0x00,0x00,0x00,0x00,0x00,0x00,0x00,0x00,0x00,0x00,0x00,
        0x00,0x00,0x00,0x00,0x80,0x30,0x28,0x20,0x7c,0x2b,0x23,0xf0,0x7c,0x2a,0x23,0xff,
        0x7c,0x2a,0x23,0xff,0x7c,0x2a,0x23,0xff,0x7c,0x2a,0x23,0xff,0x7c,0x2a,0x23,0xff,
        0x7c,0x2b,0x24,0xc0,0x00,0x00,0x00,0x00,0x94,0x39,0x1d,0xbf,0x94,0x39,0x1d,0xff,
        0x94,0x39,0x1d,0xff,0x94,0x39,0x1d,0xff,0x94,0x39,0x1d,0xff,0x94,0x39,0x1d,0xff,
        0x94,0x39,0x1d,0xff,0x94,0x39,0x1d,0xff,0x94,0x39,0x1d,0xff,0x95,0x3a,0x1d,0x60,
        0xa7,0x50,0x18,0x20,0xa8,0x4f,0x16,0xf0,0xa7,0x4e,0x17,0xc0,0x00,0x00,0x00,0x00,
        0x00,0x00,0x00,0x00,0x00,0x00,0x00,0x00,0x00,0x00,0x00,0x00,0x00,0x00,0x00,0x00,
        0x00,0x00,0x00,0x00,0x00,0x00,0x00,0x00,0x00,0x00,0x00,0x00,0x00,0x00,0x00,0x00,
        0x00,0x00,0x00,0x00,0x00,0x00,0x00,0x00,0x7c,0x2d,0x23,0x50,0x7c,0x2a,0x23,0xff,
        0x7c,0x2a,0x23,0xff,0x7c,0x2a,0x23,0xff,0x7c,0x2a,0x23,0xff,0x7c,0x2a,0x23,0xff,
        0x80,0x30,0x28,0x20,0x96,0x39,0x20,0x50,0x94,0x39,0x1d,0xff,0x94,0x39,0x1d,0xff,
        0x94,0x39,0x1d,0xff,0x94,0x39,0x1d,0xff,0x94,0x39,0x1d,0xff,0x94,0x39,0x1d,0xff,
        0x94,0x39,0x1d,0xff,0x94,0x39,0x1d,0xff,0x94,0x39,0x1d,0xff,0x94,0x3a,0x1e,0xef,
        0x9f,0x40,0x20,0x10,0x00,0x00,0x00,0x00,0x00,0x00,0x00,0x00,0x00,0x00,0x00,0x00,
        0x00,0x00,0x00,0x00,0x00,0x00,0x00,0x00,0x00,0x00,0x00,0x00,0x00,0x00,0x00,0x00,
        0x00,0x00,0x00,0x00,0x00,0x00,0x00,0x00,0x00,0x00,0x00,0x00,0x00,0x00,0x00,0x00,
        0x00,0x00,0x00,0x00,0x00,0x00,0x00,0x00,0x00,0x00,0x00,0x00,0x7d,0x2b,0x25,0x60,
        0x7c,0x2a,0x23,0xff,0x7c,0x2a,0x23,0xff,0x7c,0x2a,0x23,0xff,0x7c,0x2b,0x23,0x90,
        0x00,0x00,0x00,0x00,0x94,0x39,0x1e,0xdf,0x94,0x39,0x1d,0xff,0x94,0x39,0x1d,0xff,
        0x94,0x39,0x1d,0xff,0x94,0x39,0x1d,0xff,0x94,0x39,0x1d,0xff,0x94,0x39,0x1d,0xff,
        0x94,0x39,0x1d,0xff,0x94,0x39,0x1d,0xff,0x94,0x39,0x1d,0xff,0x94,0x39,0x1d,0xff,
        0x93,0x3a,0x1e,0x80,0x00,0x00,0x00,0x00,0x00,0x00,0x00,0x00,0x00,0x00,0x00,0x00,
        0x00,0x00,0x00,0x00,0x00,0x00,0x00,0x00,0x00,0x00,0x00,0x00,0x00,0x00,0x00,0x00,
        0x00,0x00,0x00,0x00,0x00,0x00,0x00,0x00,0x00,0x00,0x00,0x00,0x00,0x00,0x00,0x00,
        0x00,0x00,0x00,0x00,0x00,0x00,0x00,0x00,0x00,0x00,0x00,0x00,0x00,0x00,0x00,0x00,
        0x7c,0x2c,0x24,0x40,0x7c,0x2b,0x23,0xf0,0x7c,0x2b,0x23,0xf0,0x80,0x30,0x30,0x10,
        0x9f,0x40,0x20,0x10,0x94,0x39,0x1d,0xff,0x94,0x39,0x1d,0xff,0x94,0x39,0x1d,0xff,
        0x94,0x39,0x1d,0xff,0x94,0x39,0x1d,0xff,0x94,0x39,0x1d,0xff,0x94,0x39,0x1d,0xff,
        0x94,0x39,0x1d,0xff,0x94,0x39,0x1d,0xff,0x94,0x39,0x1d,0xff,0x94,0x39,0x1d,0xff,
        0x94,0x3a,0x1d,0xb0,0x00,0x00,0x00,0x00,0x00,0x00,0x00,0x00,0x00,0x00,0x00,0x00,
        0x00,0x00,0x00,0x00,0x00,0x00,0x00,0x00,0x00,0x00,0x00,0x00,0x00,0x00,0x00,0x00,
        0x00,0x00,0x00,0x00,0x00,0x00,0x00,0x00,0x00,0x00,0x00,0x00,0x00,0x00,0x00,0x00,
        0x00,0x00,0x00,0x00,0x00,0x00,0x00,0x00,0x00,0x00,0x00,0x00,0x00,0x00,0x00,0x00,
        0x00,0x00,0x00,0x00,0x80,0x30,0x30,0x10,0x80,0x30,0x30,0x10,0x00,0x00,0x00,0x00,
        0x00,0x00,0x00,0x00,0x93,0x3c,0x20,0x40,0x94,0x39,0x1e,0xa0,0x94,0x39,0x1e,0xe0,
        0x94,0x39,0x1d,0xff,0x94,0x39,0x1d,0xff,0x94,0x39,0x1d,0xff,0x94,0x39,0x1d,0xff,
        0x94,0x39,0x1d,0xff,0x94,0x39,0x1d,0xff,0x94,0x3a,0x1d,0xd0,0x94,0x39,0x1e,0x70,
        0x9f,0x40,0x20,0x10,0x00,0x00,0x00,0x00,0x00,0x00,0x00,0x00,0x00,0x00,0x00,0x00,
        0x00,0x00,0x00,0x00,0x00,0x00,0x00,0x00,0x00,0x00,0x00,0x00,0x00,0x00,0x00,0x00,
        0x00,0x00,0x00,0x00,0x00,0x00,0x00,0x00,0x00,0x00,0x00,0x00,0x00,0x00,0x00,0x00,
        0x00,0x00,0x00,0x00,0x00,0x00,0x00,0x00,0x00,0x00,0x00,0x00,0x00,0x00,0x00,0x00,
        0x00,0x00,0x00,0x00,0x00,0x00,0x00,0x00,0x00,0x00,0x00,0x00,0x00,0x00,0x00,0x00,
        0x00,0x00,0x00,0x00,0x00,0x00,0x00,0x00,0x00,0x00,0x00,0x00,0x00,0x00,0x00,0x00,
        0x97,0x40,0x20,0x20,0x93,0x3c,0x20,0x40,0x93,0x3c,0x20,0x40,0x93,0x3c,0x20,0x40,
        0x93,0x3c,0x20,0x40,0x9f,0x40,0x20,0x10,0x00,0x00,0x00,0x00,0x00,0x00,0x00,0x00,
        0x00,0x00,0x00,0x00,0x00,0x00,0x00,0x00,0x00,0x00,0x00,0x00,0x00,0x00,0x00,0x00,
        0x00,0x00,0x00,0x00,0x00,0x00,0x00,0x00,0x00,0x00,0x00,0x00,0x00,0x00,0x00,0x00,
        0x00,0x00,0x00,0x00,0x00,0x00,0x00,0x00,0x00,0x00,0x00,0x00,0x00,0x00,0x00,0x00,
        0x00,0x00,0x00,0x00,0x00,0x00,0x00,0x00,0x00,0x00,0x00,0x00,0x00,0x00,0x00,0x00,
        0x00,0x00,0x00,0x00,0x00,0x00,0x00,0x00,0x00,0x00,0x00,0x00,0x00,0x00,0x00,0x00,
        0x00,0x00,0x00,0x00,0x00,0x00,0x00,0x00,0x00,0x00,0x00,0x00,0x00,0x00,0x00,0x00,
        0x00,0x00,0x00,0x00,0x00,0x00,0x00,0x00,0x00,0x00,0x00,0x00,0x00,0x00,0x00,0x00,
        0x00,0x00,0x00,0x00,0x00,0x00,0x00,0x00,0x00,0x00,0x00,0x00,0x00,0x00,0x00,0x00,
        0x00,0x00,0x00,0x00,0x00,0x00,0x00,0x00,0x00,0x00,0x00,0x00,0x00,0x00,0x00,0x00,
        0x00,0x00,0x00,0x00,0x00,0x00,0x00,0x00,0x00,0x00,0x00,0x00,0x00,0x00,0x00,0x00,
    };

    inline constexpr unsigned char k_rgba_48[9216] = {
        0x00,0x00,0x00,0x00,0x00,0x00,0x00,0x00,0x00,0x00,0x00,0x00,0x00,0x00,0x00,0x00,
        0x00,0x00,0x00,0x00,0x00,0x00,0x00,0x00,0x00,0x00,0x00,0x00,0x00,0x00,0x00,0x00,
        0x00,0x00,0x00,0x00,0x00,0x00,0x00,0x00,0x00,0x00,0x00,0x00,0x00,0x00,0x00,0x00,
        0x00,0x00,0x00,0x00,0x00,0x00,0x00,0x00,0x00,0x00,0x00,0x00,0x00,0x00,0x00,0x00,
        0x00,0x00,0x00,0x00,0x00,0x00,0x00,0x00,0x00,0x00,0x00,0x00,0x00,0x00,0x00,0x00,
        0x00,0x00,0x00,0x00,0x00,0x00,0x00,0x00,0x00,0x00,0x00,0x00,0x00,0x00,0x00,0x00,
        0x00,0x00,0x00,0x00,0x00,0x00,0x00,0x00,0x00,0x00,0x00,0x00,0x00,0x00,0x00,0x00,
        0x00,0x00,0x00,0x00,0x00,0x00,0x00,0x00,0x00,0x00,0x00,0x00,0x00,0x00,0x00,0x00,
        0x00,0x00,0x00,0x00,0x00,0x00,0x00,0x00,0x00,0x00,0x00,0x00,0x00,0x00,0x00,0x00,
        0x00,0x00,0x00,0x00,0x00,0x00,0x00,0x00,0x00,0x00,0x00,0x00,0x00,0x00,0x00,0x00,
        0x00,0x00,0x00,0x00,0x00,0x00,0x00,0x00,0x00,0x00,0x00,0x00,0x00,0x00,0x00,0x00,
        0x00,0x00,0x00,0x00,0x00,0x00,0x00,0x00,0x00,0x00,0x00,0x00,0x00,0x00,0x00,0x00,
        0x00,0x00,0x00,0x00,0x00,0x00,0x00,0x00,0x00,0x00,0x00,0x00,0x00,0x00,0x00,0x00,
        0x00,0x00,0x00,0x00,0x00,0x00,0x00,0x00,0x00,0x00,0x00,0x00,0x00,0x00,0x00,0x00,
        0x00,0x00,0x00,0x00,0x00,0x00,0x00,0x00,0x00,0x00,0x00,0x00,0x00,0x00,0x00,0x00,
        0x00,0x00,0x00,0x00,0x00,0x00,0x00,0x00,0x00,0x00,0x00,0x00,0x00,0x00,0x00,0x00,
        0x00,0x00,0x00,0x00,0x00,0x00,0x00,0x00,0x00,0x00,0x00,0x00,0x00,0x00,0x00,0x00,
        0x00,0x00,0x00,0x00,0x00,0x00,0x00,0x00,0x00,0x00,0x00,0x00,0x00,0x00,0x00,0x00,
        0x00,0x00,0x00,0x00,0x00,0x00,0x00,0x00,0x00,0x00,0x00,0x00,0x00,0x00,0x00,0x00,
        0x00,0x00,0x00,0x00,0x00,0x00,0x00,0x00,0x00,0x00,0x00,0x00,0x00,0x00,0x00,0x00,
        0x00,0x00,0x00,0x00,0x00,0x00,0x00,0x00,0x00,0x00,0x00,0x00,0x00,0x00,0x00,0x00,
        0x00,0x00,0x00,0x00,0x00,0x00,0x00,0x00,0x00,0x00,0x00,0x00,0x00,0x00,0x00,0x00,
        0x00,0x00,0x00,0x00,0x00,0x00,0x00,0x00,0x00,0x00,0x00,0x00,0x00,0x00,0x00,0x00,
        0x00,0x00,0x00,0x00,0x00,0x00,0x00,0x00,0x00,0x00,0x00,0x00,0x00,0x00,0x00,0x00,
        0x00,0x00,0x00,0x00,0x00,0x00,0x00,0x00,0x00,0x00,0x00,0x00,0x00,0x00,0x00,0x00,
        0x00,0x00,0x00,0x00,0x00,0x00,0x00,0x00,0x00,0x00,0x00,0x00,0x00,0x00,0x00,0x00,
        0x00,0x00,0x00,0x00,0x00,0x00,0x00,0x00,0x00,0x00,0x00,0x00,0x00,0x00,0x00,0x00,
        0x60,0x25,0x25,0x30,0x60,0x22,0x24,0x7f,0x60,0x28,0x28,0x20,0x00,0x00,0x00,0x00,
        0x00,0x00,0x00,0x00,0x00,0x00,0x00,0x00,0x00,0x00,0x00,0x00,0x00,0x00,0x00,0x00,
        0x00,0x00,0x00,0x00,0x00,0x00,0x00,0x00,0x00,0x00,0x00,0x00,0x00,0x00,0x00,0x00,
        0x00,0x00,0x00,0x00,0x00,0x00,0x00,0x00,0x00,0x00,0x00,0x00,0x00,0x00,0x00,0x00,
        0x00,0x00,0x00,0x00,0x00,0x00,0x00,0x00,0x00,0x00,0x00,0x00,0x00,0x00,0x00,0x00,
        0x00,0x00,0x00,0x00,0x00,0x00,0x00,0x00,0x00,0x00,0x00,0x00,0x00,0x00,0x00,0x00,
        0x00,0x00,0x00,0x00,0x00,0x00,0x00,0x00,0x00,0x00,0x00,0x00,0x00,0x00,0x00,0x00,
        0x00,0x00,0x00,0x00,0x00,0x00,0x00,0x00,0x00,0x00,0x00,0x00,0x00,0x00,0x00,0x00,
        0x00,0x00,0x00,0x00,0x00,0x00,0x00,0x00,0x00,0x00,0x00,0x00,0x00,0x00,0x00,0x00,
        0x00,0x00,0x00,0x00,0x00,0x00,0x00,0x00,0x00,0x00,0x00,0x00,0x00,0x00,0x00,0x00,
        0x00,0x00,0x00,0x00,0x00,0x00,0x00,0x00,0x00,0x00,0x00,0x00,0x00,0x00,0x00,0x00,
        0x00,0x00,0x00,0x00,0x00,0x00,0x00,0x00,0x00,0x00,0x00,0x00,0x60,0x23,0x25,0x60,
        0x5f,0x21,0x24,0xff,0x5f,0x21,0x24,0xff,0x5f,0x21,0x24,0xef,0x60,0x30,0x30,0x10,
        0x00,0x00,0x00,0x00,0x00,0x00,0x00,0x00,0x00,0x00,0x00,0x00,0x00,0x00,0x00,0x00,
        0x00,0x00,0x00,0x00,0x00,0x00,0x00,0x00,0x00,0x00,0x00,0x00,0x00,0x00,0x00,0x00,
        0x00,0x00,0x00,0x00,0x00,0x00,0x00,0x00,0x00,0x00,0x00,0x00,0x00,0x00,0x00,0x00,
        0x00,0x00,0x00,0x00,0x00,0x00,0x00,0x00,0x00,0x00,0x00,0x00,0x00,0x00,0x00,0x00,
        0x00,0x00,0x00,0x00,0x00,0x00,0x00,0x00,0x00,0x00,0x00,0x00,0x00,0x00,0x00,0x00,
        0x00,0x00,0x00,0x00,0x00,0x00,0x00,0x00,0x00,0x00,0x00,0x00,0x00,0x00,0x00,0x00,
        0x00,0x00,0x00,0x00,0x00,0x00,0x00,0x00,0x00,0x00,0x00,0x00,0x00,0x00,0x00,0x00,
        0x00,0x00,0x00,0x00,0x00,0x00,0x00,0x00,0x00,0x00,0x00,0x00,0x00,0x00,0x00,0x00,
        0x00,0x00,0x00,0x00,0x00,0x00,0x00,0x00,0x00,0x00,0x00,0x00,0x00,0x00,0x00,0x00,
        0x00,0x00,0x00,0x00,0x00,0x00,0x00,0x00,0x00,0x00,0x00,0x00,0x00,0x00,0x00,0x00,
        0x00,0x00,0x00,0x00,0x00,0x00,0x00,0x00,0x60,0x23,0x25,0x60,0x5f,0x21,0x24,0xff,
        0x5f,0x21,0x24,0xff,0x5f,0x21,0x24,0xff,0x5f,0x21,0x24,0xff,0x60,0x22,0x25,0x90,
        0x00,0x00,0x00,0x00,0x00,0x00,0x00,0x00,0x00,0x00,0x00,0x00,0x00,0x00,0x00,0x00,
        0x00,0x00,0x00,0x00,0x00,0x00,0x00,0x00,0x00,0x00,0x00,0x00,0x00,0x00,0x00,0x00,
        0x00,0x00,0x00,0x00,0x00,0x00,0x00,0x00,0x00,0x00,0x00,0x00,0x00,0x00,0x00,0x00,
        0x00,0x00,0x00,0x00,0x00,0x00,0x00,0x00,0x00,0x00,0x00,0x00,0x00,0x00,0x00,0x00,
        0x00,0x00,0x00,0x00,0x00,0x00,0x00,0x00,0x00,0x00,0x00,0x00,0x00,0x00,0x00,0x00,
        0x00,0x00,0x00,0x00,0x00,0x00,0x00,0x00,0x00,0x00,0x00,0x00,0x00,0x00,0x00,0x00,
        0x00,0x00,0x00,0x00,0x00,0x00,0x00,0x00,0x00,0x00,0x00,0x00,0x00,0x00,0x00,0x00,
        0x00,0x00,0x00,0x00,0x00,0x00,0x00,0x00,0x00,0x00,0x00,0x00,0x00,0x00,0x00,0x00,
        0x00,0x00,0x00,0x00,0x00,0x00,0x00,0x00,0x00,0x00,0x00,0x00,0x00,0x00,0x00,0x00,
        0x00,0x00,0x00,0x00,0x00,0x00,0x00,0x00,0x00,0x00,0x00,0x00,0x00,0x00,0x00,0x00,
        0x00,0x00,0x00,0x00,0x60,0x22,0x25,0x9f,0x5f,0x21,0x24,0xff,0x5f,0x21,0x24,0xff,
        0x5f,0x21,0x24,0xff,0x5f,0x21,0x24,0xff,0x5f,0x21,0x24,0xff,0x5f,0x21,0x24,0xff,
        0x60,0x28,0x28,0x20,0x00,0x00,0x00,0x00,0x00,0x00,0x00,0x00,0x00,0x00,0x00,0x00,
        0x00,0x00,0x00,0x00,0x00,0x00,0x00,0x00,0x00,0x00,0x00,0x00,0x00,0x00,0x00,0x00,
        0x00,0x00,0x00,0x00,0x00,0x00,0x00,0x00,0x00,0x00,0x00,0x00,0x00,0x00,0x00,0x00,
        0x00,0x00,0x00,0x00,0x00,0x00,0x00,0x00,0x00,0x00,0x00,0x00,0x00,0x00,0x00,0x00,
        0x00,0x00,0x00,0x00,0x00,0x00,0x00,0x00,0x00,0x00,0x00,0x00,0x00,0x00,0x00,0x00,
        0x00,0x00,0x00,0x00,0x00,0x00,0x00,0x00,0x00,0x00,0x00,0x00,0x00,0x00,0x00,0x00,
        0x00,0x00,0x00,0x00,0x00,0x00,0x00,0x00,0x00,0x00,0x00,0x00,0x00,0x00,0x00,0x00,
        0x00,0x00,0x00,0x00,0x00,0x00,0x00,0x00,0x00,0x00,0x00,0x00,0x00,0x00,0x00,0x00,
        0x00,0x00,0x00,0x00,0x00,0x00,0x00,0x00,0x00,0x00,0x00,0x00,0x00,0x00,0x00,0x00,
        0x00,0x00,0x00,0x00,0x00,0x00,0x00,0x00,0x00,0x00,0x00,0x00,0x00,0x00,0x00,0x00,
        0x60,0x22,0x25,0x9f,0x5f,0x21,0x24,0xff,0x5f,0x21,0x24,0xff,0x5f,0x21,0x24,0xff,
        0x5f,0x21,0x24,0xff,0x5f,0x21,0x24,0xff,0x5f,0x21,0x24,0xff,0x5f,0x21,0x24,0xff,
        0x5f,0x21,0x24,0xbf,0x00,0x00,0x00,0x00,0x00,0x00,0x00,0x00,0x00,0x00,0x00,0x00,
        0x00,0x00,0x00,0x00,0x00,0x00,0x00,0x00,0x00,0x00,0x00,0x00,0x00,0x00,0x00,0x00,
        0x00,0x00,0x00,0x00,0x00,0x00,0x00,0x00,0x00,0x00,0x00,0x00,0x00,0x00,0x00,0x00,
        0x00,0x00,0x00,0x00,0x00,0x00,0x00,0x00,0x00,0x00,0x00,0x00,0x00,0x00,0x00,0x00,
        0x00,0x00,0x00,0x00,0x00,0x00,0x00,0x00,0x00,0x00,0x00,0x00,0x00,0x00,0x00,0x00,
        0x00,0x00,0x00,0x00,0x00,0x00,0x00,0x00,0x00,0x00,0x00,0x00,0x00,0x00,0x00,0x00,
        0x00,0x00,0x00,0x00,0x00,0x00,0x00,0x00,0x00,0x00,0x00,0x00,0x00,0x00,0x00,0x00,
        0x00,0x00,0x00,0x00,0x00,0x00,0x00,0x00,0x00,0x00,0x00,0x00,0x00,0x00,0x00,0x00,
        0x00,0x00,0x00,0x00,0x00,0x00,0x00,0x00,0x00,0x00,0x00,0x00,0x00,0x00,0x00,0x00,
        0x00,0x00,0x00,0x00,0x00,0x00,0x00,0x00,0x00,0x00,0x00,0x00,0x60,0x22,0x24,0x80,
        0x5f,0x21,0x24,0xff,0x5f,0x21,0x24,0xff,0x5f,0x21,0x24,0xff,0x5f,0x21,0x24,0xff,
        0x5f,0x21,0x24,0xff,0x5f,0x21,0x24,0xff,0x5f,0x21,0x24,0xff,0x5f,0x21,0x24,0xff,
        0x5f,0x21,0x24,0xff,0x60,0x23,0x26,0x50,0x00,0x00,0x00,0x00,0x00,0x00,0x00,0x00,
        0x00,0x00,0x00,0x00,0x00,0x00,0x00,0x00,0x00,0x00,0x00,0x00,0x00,0x00,0x00,0x00,
        0x00,0x00,0x00,0x00,0x00,0x00,0x00,0x00,0x00,0x00,0x00,0x00,0x00,0x00,0x00,0x00,
        0x00,0x00,0x00,0x00,0x00,0x00,0x00,0x00,0x00,0x00,0x00,0x00,0x00,0x00,0x00,0x00,
        0x00,0x00,0x00,0x00,0x00,0x00,0x00,0x00,0x00,0x00,0x00,0x00,0x00,0x00,0x00,0x00,
        0x00,0x00,0x00,0x00,0x00,0x00,0x00,0x00,0x00,0x00,0x00,0x00,0x00,0x00,0x00,0x00,
        0x00,0x00,0x00,0x00,0x00,0x00,0x00,0x00,0x00,0x00,0x00,0x00,0x00,0x00,0x00,0x00,
        0x00,0x00,0x00,0x00,0x00,0x00,0x00,0x00,0x00,0x00,0x00,0x00,0x00,0x00,0x00,0x00,
        0x00,0x00,0x00,0x00,0x00,0x00,0x00,0x00,0x00,0x00,0x00,0x00,0x00,0x00,0x00,0x00,
        0x00,0x00,0x00,0x00,0x00,0x00,0x00,0x00,0x60,0x25,0x25,0x30,0x5f,0x21,0x24,0xff,
        0x5f,0x21,0x24,0xff,0x5f,0x21,0x24,0xff,0x5f,0x21,0x24,0xff,0x5f,0x21,0x24,0xff,
        0x5f,0x21,0x24,0xff,0x5f,0x21,0x24,0xff,0x5f,0x21,0x24,0xff,0x5f,0x21,0x24,0xff,
        0x5f,0x21,0x24,0xff,0x5f,0x21,0x25,0xdf,0x00,0x00,0x00,0x00,0x00,0x00,0x00,0x00,
        0x00,0x00,0x00,0x00,0x00,0x00,0x00,0x00,0x00,0x00,0x00,0x00,0x00,0x00,0x00,0x00,
        0x00,0x00,0x00,0x00,0x00,0x00,0x00,0x00,0x00,0x00,0x00,0x00,0x00,0x00,0x00,0x00,
        0x00,0x00,0x00,0x00,0x00,0x00,0x00,0x00,0x00,0x00,0x00,0x00,0x00,0x00,0x00,0x00,
        0x00,0x00,0x00,0x00,0x00,0x00,0x00,0x00,0x00,0x00,0x00,0x00,0x00,0x00,0x00,0x00,
        0x00,0x00,0x00,0x00,0x00,0x00,0x00,0x00,0x00,0x00,0x00,0x00,0x00,0x00,0x00,0x00,
        0x00,0x00,0x00,0x00,0x00,0x00,0x00,0x00,0x00,0x00,0x00,0x00,0x00,0x00,0x00,0x00,
        0x00,0x00,0x00,0x00,0x00,0x00,0x00,0x00,0x00,0x00,0x00,0x00,0x00,0x00,0x00,0x00,
        0x00,0x00,0x00,0x00,0x00,0x00,0x00,0x00,0x00,0x00,0x00,0x00,0x00,0x00,0x00,0x00,
        0x00,0x00,0x00,0x00,0x60,0x30,0x30,0x10,0x5f,0x21,0x25,0xdf,0x5f,0x21,0x24,0xff,
        0x5f,0x21,0x24,0xff,0x5f,0x21,0x24,0xff,0x5f,0x21,0x24,0xff,0x5f,0x21,0x24,0xff,
        0x5f,0x21,0x24,0xff,0x5f,0x21,0x24,0xff,0x5f,0x21,0x24,0xff,0x5f,0x21,0x24,0xff,
        0x5f,0x21,0x24,0xff,0x5f,0x21,0x24,0xff,0x60,0x22,0x24,0x80,0x00,0x00,0x00,0x00,
        0x00,0x00,0x00,0x00,0x00,0x00,0x00,0x00,0x00,0x00,0x00,0x00,0x00,0x00,0x00,0x00,
        0x00,0x00,0x00,0x00,0x00,0x00,0x00,0x00,0x00,0x00,0x00,0x00,0x00,0x00,0x00,0x00,
        0x00,0x00,0x00,0x00,0x00,0x00,0x00,0x00,0x00,0x00,0x00,0x00,0x00,0x00,0x00,0x00,
        0x00,0x00,0x00,0x00,0x00,0x00,0x00,0x00,0x00,0x00,0x00,0x00,0x00,0x00,0x00,0x00,
        0x00,0x00,0x00,0x00,0x00,0x00,0x00,0x00,0x00,0x00,0x00,0x00,0x00,0x00,0x00,0x00,
        0x00,0x00,0x00,0x00,0x00,0x00,0x00,0x00,0x00,0x00,0x00,0x00,0x00,0x00,0x00,0x00,
        0x00,0x00,0x00,0x00,0x00,0x00,0x00,0x00,0x00,0x00,0x00,0x00,0x00,0x00,0x00,0x00,
        0x00,0x00,0x00,0x00,0x00,0x00,0x00,0x00,0x00,0x00,0x00,0x00,0x00,0x00,0x00,0x00,
        0x00,0x00,0x00,0x00,0x5f,0x22,0x24,0xaf,0x5f,0x21,0x24,0xff,0x5f,0x21,0x24,0xff,
        0x5f,0x21,0x24,0xff,0x5f,0x21,0x24,0xff,0x5f,0x21,0x24,0xff,0x5f,0x21,0x24,0xff,
        0x5f,0x21,0x24,0xff,0x5f,0x21,0x24,0xff,0x5f,0x21,0x24,0xff,0x5f,0x21,0x24,0xff,
        0x5f,0x21,0x24,0xff,0x5f,0x21,0x24,0xff,0x5f,0x21,0x24,0xef,0x60,0x30,0x30,0x10,
        0x00,0x00,0x00,0x00,0x00,0x00,0x00,0x00,0x00,0x00,0x00,0x00,0x00,0x00,0x00,0x00,
        0x00,0x00,0x00,0x00,0x00,0x00,0x00,0x00,0x00,0x00,0x00,0x00,0x00,0x00,0x00,0x00,
        0x00,0x00,0x00,0x00,0x00,0x00,0x00,0x00,0x00,0x00,0x00,0x00,0x00,0x00,0x00,0x00,
        0x00,0x00,0x00,0x00,0x00,0x00,0x00,0x00,0x00,0x00,0x00,0x00,0x00,0x00,0x00,0x00,
        0x00,0x00,0x00,0x00,0x00,0x00,0x00,0x00,0x00,0x00,0x00,0x00,0x00,0x00,0x00,0x00,
        0x00,0x00,0x00,0x00,0x00,0x00,0x00,0x00,0x00,0x00,0x00,0x00,0x00,0x00,0x00,0x00,
        0x00,0x00,0x00,0x00,0x00,0x00,0x00,0x00,0x00,0x00,0x00,0x00,0x00,0x00,0x00,0x00,
        0x00,0x00,0x00,0x00,0x00,0x00,0x00,0x00,0x00,0x00,0x00,0x00,0x00,0x00,0x00,0x00,
        0x60,0x24,0x24,0x40,0x5f,0x21,0x24,0xff,0x5f,0x21,0x24,0xff,0x5f,0x21,0x24,0xff,
        0x5f,0x21,0x24,0xff,0x5f,0x21,0x24,0xff,0x5f,0x21,0x24,0xff,0x5f,0x21,0x24,0xff,
        0x5f,0x21,0x24,0xff,0x5f,0x21,0x24,0xff,0x5f,0x21,0x24,0xff,0x5f,0x21,0x24,0xff,
        0x5f,0x21,0x24,0xff,0x5f,0x21,0x24,0xff,0x5f,0x21,0x24,0xff,0x60,0x21,0x25,0xa0,
        0x00,0x00,0x00,0x00,0x00,0x00,0x00,0x00,0x00,0x00,0x00,0x00,0x00,0x00,0x00,0x00,
        0x00,0x00,0x00,0x00,0xc7,0x80,0x18,0x20,0xc6,0x82,0x18,0x3f,0xc5,0x81,0x16,0x7f,
        0xc5,0x81,0x16,0x7f,0xc4,0x81,0x15,0x5f,0xc6,0x82,0x18,0x3f,0x00,0x00,0x00,0x00,
        0x00,0x00,0x00,0x00,0x00,0x00,0x00,0x00,0x00,0x00,0x00,0x00,0x00,0x00,0x00,0x00,
        0x00,0x00,0x00,0x00,0x00,0x00,0x00,0x00,0x00,0x00,0x00,0x00,0x00,0x00,0x00,0x00,
        0x00,0x00,0x00,0x00,0x00,0x00,0x00,0x00,0x00,0x00,0x00,0x00,0x00,0x00,0x00,0x00,
        0x00,0x00,0x00,0x00,0x00,0x00,0x00,0x00,0x00,0x00,0x00,0x00,0x00,0x00,0x00,0x00,
        0x00,0x00,0x00,0x00,0x00,0x00,0x00,0x00,0x00,0x00,0x00,0x00,0x00,0x00,0x00,0x00,
        0x60,0x21,0x24,0xb0,0x5f,0x21,0x24,0xff,0x5f,0x21,0x24,0xff,0x5f,0x21,0x24,0xff,
        0x5f,0x21,0x24,0xff,0x5f,0x21,0x24,0xff,0x5f,0x21,0x24,0xff,0x5f,0x21,0x24,0xff,
        0x5f,0x21,0x24,0xff,0x5f,0x21,0x24,0xff,0x5f,0x21,0x24,0xff,0x5f,0x21,0x24,0xff,
        0x5f,0x21,0x24,0xff,0x5f,0x21,0x24,0xff,0x5f,0x21,0x24,0xff,0x5f,0x21,0x24,0xff,
        0x60,0x25,0x25,0x30,0x00,0x00,0x00,0x00,0x00,0x00,0x00,0x00,0xc7,0x80,0x18,0x20,
        0xc4,0x7f,0x16,0xdf,0xc4,0x7f,0x15,0xff,0xc4,0x7f,0x15,0xff,0xc4,0x7f,0x15,0xff,
        0xc4,0x7f,0x15,0xff,0xc4,0x7f,0x15,0xff,0xc4,0x7f,0x15,0xff,0xc4,0x7f,0x15,0xff,
        0xc4,0x80,0x17,0x70,0x00,0x00,0x00,0x00,0x00,0x00,0x00,0x00,0x00,0x00,0x00,0x00,
        0xb7,0x66,0x14,0x7f,0xb7,0x67,0x14,0xbf,0xb9,0x66,0x13,0x50,0x00,0x00,0x00,0x00,
        0x00,0x00,0x00,0x00,0x00,0x00,0x00,0x00,0x00,0x00,0x00,0x00,0x00,0x00,0x00,0x00,
        0x00,0x00,0x00,0x00,0x00,0x00,0x00,0x00,0x00,0x00,0x00,0x00,0x00,0x00,0x00,0x00,
        0x00,0x00,0x00,0x00,0x00,0x00,0x00,0x00,0x00,0x00,0x00,0x00,0x60,0x28,0x28,0x20,
        0x5f,0x21,0x24,0xff,0x5f,0x21,0x24,0xff,0x5f,0x21,0x24,0xff,0x5f,0x21,0x24,0xff,
        0x5f,0x21,0x24,0xff,0x5f,0x21,0x24,0xff,0x5f,0x21,0x24,0xff,0x5f,0x21,0x24,0xff,
        0x5f,0x21,0x24,0xff,0x5f,0x21,0x24,0xff,0x5f,0x21,0x24,0xff,0x5f,0x21,0x24,0xff,
        0x5f,0x21,0x24,0xff,0x5f,0x21,0x24,0xff,0x5f,0x21,0x24,0xff,0x5f,0x21,0x24,0xff,
        0x5f,0x21,0x24,0xbf,0x00,0x00,0x00,0x00,0x00,0x00,0x00,0x00,0xc3,0x80,0x16,0x80,
        0xc4,0x7f,0x15,0xff,0xc4,0x7f,0x15,0xff,0xc4,0x7f,0x15,0xff,0xc4,0x7f,0x15,0xff,
        0xc4,0x7f,0x15,0xff,0xc4,0x7f,0x15,0xff,0xc4,0x7f,0x15,0xff,0xc4,0x7f,0x15,0xff,
        0xc4,0x7f,0x15,0xff,0x00,0x00,0x00,0x00,0x00,0x00,0x00,0x00,0xb9,0x66,0x13,0x50,
        0xb7,0x66,0x13,0xff,0xb7,0x66,0x13,0xff,0xb7,0x66,0x13,0xff,0xb7,0x68,0x15,0x60,
        0x00,0x00,0x00,0x00,0x00,0x00,0x00,0x00,0x00,0x00,0x00,0x00,0x00,0x00,0x00,0x00,
        0x00,0x00,0x00,0x00,0x00,0x00,0x00,0x00,0x00,0x00,0x00,0x00,0x00,0x00,0x00,0x00,
        0x00,0x00,0x00,0x00,0x00,0x00,0x00,0x00,0x00,0x00,0x00,0x00,0x60,0x21,0x25,0xa0,
        0x5f,0x21,0x24,0xff,0x5f,0x21,0x24,0xff,0x5f,0x21,0x24,0xff,0x5f,0x21,0x24,0xff,
        0x5f,0x21,0x24,0xff,0x5f,0x21,0x24,0xff,0x5f,0x21,0x24,0xff,0x5f,0x21,0x24,0xff,
        0x5f,0x21,0x24,0xff,0x5f,0x21,0x24,0xff,0x5f,0x21,0x24,0xff,0x5f,0x21,0x24,0xff,
        0x5f,0x21,0x24,0xff,0x5f,0x21,0x24,0xff,0x5f,0x21,0x24,0xff,0x5f,0x21,0x24,0xff,
        0x5f,0x21,0x24,0xff,0x60,0x23,0x25,0x60,0x00,0x00,0x00,0x00,0xc5,0x80,0x15,0x60,
        0xc4,0x7f,0x15,0xff,0xc4,0x7f,0x15,0xff,0xc4,0x7f,0x15,0xff,0xc4,0x7f,0x15,0xff,
        0xc4,0x7f,0x15,0xff,0xc4,0x7f,0x15,0xff,0xc4,0x7f,0x15,0xff,0xc4,0x7f,0x15,0xff,
        0xc3,0x80,0x15,0xc0,0x00,0x00,0x00,0x00,0x00,0x00,0x00,0x00,0xb7,0x66,0x13,0xdf,
        0xb7,0x66,0x13,0xff,0xb7,0x66,0x13,0xff,0xb7,0x66,0x13,0xff,0xb7,0x66,0x13,0xff,
        0xb9,0x66,0x13,0x50,0x00,0x00,0x00,0x00,0x00,0x00,0x00,0x00,0x00,0x00,0x00,0x00,
        0x00,0x00,0x00,0x00,0x00,0x00,0x00,0x00,0x00,0x00,0x00,0x00,0x00,0x00,0x00,0x00,
        0x00,0x00,0x00,0x00,0x00,0x00,0x00,0x00,0x60,0x30,0x30,0x10,0x5f,0x21,0x24,0xef,
        0x5f,0x21,0x24,0xff,0x5f,0x21,0x24,0xff,0x5f,0x21,0x24,0xff,0x5f,0x21,0x24,0xff,
        0x5f,0x21,0x24,0xff,0x5f,0x21,0x24,0xff,0x5f,0x21,0x24,0xff,0x5f,0x21,0x24,0xff,
        0x5f,0x21,0x24,0xff,0x5f,0x21,0x24,0xff,0x5f,0x21,0x24,0xff,0x5f,0x21,0x24,0xff,
        0x5f,0x21,0x24,0xff,0x5f,0x21,0x24,0xff,0x5f,0x21,0x24,0xff,0x5f,0x21,0x24,0xff,
        0x5f,0x21,0x24,0xff,0x5f,0x21,0x25,0xdf,0x60,0x30,0x30,0x10,0x00,0x00,0x00,0x00,
        0xc3,0x80,0x15,0xc0,0xc4,0x7f,0x15,0xff,0xc4,0x7f,0x15,0xff,0xc4,0x7f,0x15,0xff,
        0xc4,0x7f,0x15,0xff,0xc4,0x7f,0x15,0xff,0xc4,0x7f,0x15,0xff,0xc4,0x7f,0x15,0xff,
        0xc3,0x80,0x18,0x40,0x00,0x00,0x00,0x00,0xb7,0x66,0x14,0x80,0xb7,0x66,0x13,0xff,
        0xb7,0x66,0x13,0xff,0xb7,0x66,0x13,0xff,0xb7,0x66,0x13,0xff,0xb7,0x66,0x13,0xff,
        0xb6,0x66,0x13,0xef,0xbf,0x70,0x20,0x10,0x00,0x00,0x00,0x00,0x00,0x00,0x00,0x00,
        0x00,0x00,0x00,0x00,0x00,0x00,0x00,0x00,0x00,0x00,0x00,0x00,0x00,0x00,0x00,0x00,
        0x00,0x00,0x00,0x00,0x00,0x00,0x00,0x00,0x60,0x23,0x26,0x50,0x5f,0x21,0x24,0xff,
        0x5f,0x21,0x24,0xff,0x5f,0x21,0x24,0xff,0x5f,0x21,0x24,0xff,0x5f,0x21,0x24,0xff,
        0x5f,0x21,0x24,0xff,0x5f,0x21,0x24,0xff,0x5f,0x21,0x24,0xff,0x5f,0x21,0x24,0xff,
        0x5f,0x21,0x24,0xff,0x5f,0x21,0x24,0xff,0x5f,0x21,0x24,0xff,0x5f,0x21,0x24,0xff,
        0x5f,0x21,0x24,0xff,0x5f,0x21,0x24,0xff,0x5f,0x21,0x24,0xff,0x5f,0x21,0x24,0xff,
        0x5f,0x21,0x24,0xff,0x5f,0x21,0x24,0xff,0x60,0x22,0x24,0x80,0x00,0x00,0x00,0x00,
        0xc3,0x80,0x18,0x40,0xc4,0x7f,0x15,0xff,0xc4,0x7f,0x15,0xff,0xc4,0x7f,0x15,0xff,
        0xc4,0x7f,0x15,0xff,0xc4,0x7f,0x15,0xff,0xc4,0x7f,0x15,0xff,0xc4,0x80,0x16,0xb0,
        0x00,0x00,0x00,0x00,0xbf,0x70,0x20,0x10,0xb6,0x66,0x13,0xef,0xb7,0x66,0x13,0xff,
        0xb7,0x66,0x13,0xff,0xb7,0x66,0x13,0xff,0xb7,0x66,0x13,0xff,0xb7,0x66,0x13,0xff,
        0xb7,0x66,0x13,0xff,0xb8,0x66,0x13,0xaf,0x00,0x00,0x00,0x00,0x00,0x00,0x00,0x00,
        0x00,0x00,0x00,0x00,0x00,0x00,0x00,0x00,0x00,0x00,0x00,0x00,0x00,0x00,0x00,0x00,
        0x00,0x00,0x00,0x00,0x00,0x00,0x00,0x00,0x60,0x22,0x24,0x80,0x5f,0x21,0x24,0xff,
        0x5f,0x21,0x24,0xff,0x5f,0x21,0x24,0xff,0x5f,0x21,0x24,0xff,0x5f,0x21,0x24,0xff,
        0x5f,0x21,0x24,0xff,0x5f,0x21,0x24,0xff,0x5f,0x21,0x24,0xff,0x5f,0x21,0x24,0xff,
        0x5f,0x21,0x24,0xff,0x5f,0x21,0x24,0xff,0x5f,0x21,0x24,0xff,0x5f,0x21,0x24,0xff,
        0x5f,0x21,0x24,0xff,0x5f,0x21,0x24,0xff,0x5f,0x21,0x24,0xff,0x5f,0x21,0x24,0xff,
        0x5f,0x21,0x24,0xff,0x5f,0x21,0x24,0xff,0x5f,0x21,0x24,0xef,0x60,0x28,0x28,0x20,
        0x00,0x00,0x00,0x00,0xc4,0x80,0x16,0xa0,0xc4,0x7f,0x15,0xff,0xc4,0x7f,0x15,0xff,
        0xc4,0x7f,0x15,0xff,0xc4,0x7f,0x15,0xff,0xc4,0x80,0x15,0xf0,0xc7,0x80,0x18,0x20,
        0x00,0x00,0x00,0x00,0xb7,0x66,0x13,0xa0,0xb7,0x66,0x13,0xff,0xb7,0x66,0x13,0xff,
        0xb7,0x66,0x13,0xff,0xb7,0x66,0x13,0xff,0xb7,0x66,0x13,0xff,0xb7,0x66,0x13,0xff,
        0xb7,0x66,0x13,0xff,0xb7,0x66,0x13,0xff,0xb7,0x68,0x18,0x20,0x00,0x00,0x00,0x00,
        0x00,0x00,0x00,0x00,0x00,0x00,0x00,0x00,0x00,0x00,0x00,0x00,0x00,0x00,0x00,0x00,
        0x00,0x00,0x00,0x00,0x00,0x00,0x00,0x00,0x60,0x21,0x24,0xc0,0x5f,0x21,0x24,0xff,
        0x5f,0x21,0x24,0xff,0x5f,0x21,0x24,0xff,0x5f,0x21,0x24,0xff,0x5f,0x21,0x24,0xff,
        0x5f,0x21,0x24,0xff,0x5f,0x21,0x24,0xff,0x5f,0x21,0x24,0xff,0x5f,0x21,0x24,0xff,
        0x5f,0x21,0x24,0xff,0x5f,0x21,0x24,0xff,0x5f,0x21,0x24,0xff,0x5f,0x21,0x24,0xff,
        0x5f,0x21,0x24,0xff,0x5f,0x21,0x24,0xff,0x5f,0x21,0x24,0xff,0x5f,0x21,0x24,0xff,
        0x5f,0x21,0x24,0xff,0x5f,0x21,0x24,0xff,0x5f,0x21,0x24,0xff,0x60,0x21,0x25,0xa0,
        0x00,0x00,0x00,0x00,0xcf,0x80,0x20,0x10,0xc4,0x80,0x15,0xf0,0xc4,0x7f,0x15,0xff,
        0xc4,0x7f,0x15,0xff,0xc4,0x7f,0x15,0xff,0xc3,0x80,0x16,0x80,0x00,0x00,0x00,0x00,
        0xb7,0x68,0x14,0x40,0xb7,0x66,0x13,0xff,0xb7,0x66,0x13,0xff,0xb7,0x66,0x13,0xff,
        0xb7,0x66,0x13,0xff,0xb7,0x66,0x13,0xff,0xb7,0x66,0x13,0xff,0xb7,0x66,0x13,0xff,
        0xb7,0x66,0x13,0xff,0xb7,0x66,0x13,0xff,0xb7,0x66,0x13,0xa0,0x00,0x00,0x00,0x00,
        0x00,0x00,0x00,0x00,0x00,0x00,0x00,0x00,0x00,0x00,0x00,0x00,0x00,0x00,0x00,0x00,
        0x00,0x00,0x00,0x00,0x00,0x00,0x00,0x00,0x5f,0x21,0x24,0xff,0x5f,0x21,0x24,0xff,
        0x5f,0x21,0x24,0xff,0x5f,0x21,0x24,0xff,0x5f,0x21,0x24,0xff,0x5f,0x21,0x24,0xff,
        0x5f,0x21,0x24,0xff,0x5f,0x21,0x24,0xff,0x5f,0x21,0x24,0xff,0x5f,0x21,0x24,0xff,
        0x5f,0x21,0x24,0xff,0x5f,0x21,0x24,0xff,0x5f,0x21,0x24,0xff,0x5f,0x21,0x24,0xff,
        0x5f,0x21,0x24,0xff,0x5f,0x21,0x24,0xff,0x5f,0x21,0x24,0xff,0x5f,0x21,0x24,0xff,
        0x5f,0x21,0x24,0xff,0x5f,0x21,0x24,0xff,0x5f,0x21,0x24,0xff,0x5f,0x21,0x24,0xff,
        0x60,0x24,0x24,0x40,0x00,0x00,0x00,0x00,0xc3,0x80,0x16,0x80,0xc4,0x7f,0x15,0xff,
        0xc4,0x7f,0x15,0xff,0xc4,0x80,0x16,0xe0,0xcf,0x80,0x20,0x10,0x00,0x00,0x00,0x00,
        0xb7,0x67,0x14,0xbf,0xb7,0x66,0x13,0xff,0xb7,0x66,0x13,0xff,0xb7,0x66,0x13,0xff,
        0xb7,0x66,0x13,0xff,0xb7,0x66,0x13,0xff,0xb7,0x66,0x13,0xff,0xb7,0x66,0x13,0xff,
        0xb7,0x66,0x13,0xff,0xb7,0x66,0x13,0xff,0xb7,0x66,0x13,0xff,0x00,0x00,0x00,0x00,
        0x00,0x00,0x00,0x00,0x00,0x00,0x00,0x00,0x00,0x00,0x00,0x00,0x00,0x00,0x00,0x00,
        0x00,0x00,0x00,0x00,0x60,0x25,0x25,0x30,0x5f,0x21,0x24,0xff,0x5f,0x21,0x24,0xff,
        0x5f,0x21,0x24,0xff,0x5f,0x21,0x24,0xff,0x5f,0x21,0x24,0xff,0x5f,0x21,0x24,0xff,
        0x5f,0x21,0x24,0xff,0x5f,0x21,0x24,0xff,0x5f,0x21,0x24,0xff,0x5f,0x21,0x24,0xff,
        0x5f,0x21,0x24,0xff,0x5f,0x21,0x24,0xff,0x5f,0x21,0x24,0xff,0x5f,0x21,0x24,0xff,
        0x5f,0x21,0x24,0xff,0x5f,0x21,0x24,0xff,0x5f,0x21,0x24,0xff,0x5f,0x21,0x24,0xff,
        0x5f,0x21,0x24,0xff,0x5f,0x21,0x24,0xff,0x5f,0x21,0x24,0xff,0x5f,0x21,0x24,0xff,
        0x5f,0x21,0x25,0xcf,0x00,0x00,0x00,0x00,0x00,0x00,0x00,0x00,0xc3,0x80,0x16,0x80,
        0xc4,0x80,0x16,0xb0,0xc5,0x80,0x15,0x30,0x00,0x00,0x00,0x00,0xb7,0x68,0x15,0x60,
        0xb7,0x66,0x13,0xff,0xb7,0x66,0x13,0xff,0xb7,0x66,0x13,0xff,0xb7,0x66,0x13,0xff,
        0xb7,0x66,0x13,0xff,0xb7,0x66,0x13,0xff,0xb7,0x66,0x13,0xff,0xb7,0x66,0x13,0xff,
        0xb7,0x66,0x13,0xff,0xb7,0x66,0x13,0xff,0xb7,0x66,0x13,0xff,0xb9,0x66,0x13,0x50,
        0x00,0x00,0x00,0x00,0x00,0x00,0x00,0x00,0x00,0x00,0x00,0x00,0x00,0x00,0x00,0x00,
        0x00,0x00,0x00,0x00,0x60,0x23,0x26,0x50,0x5f,0x21,0x24,0xff,0x5f,0x21,0x24,0xff,
        0x5f,0x21,0x24,0xff,0x5f,0x21,0x24,0xff,0x5f,0x21,0x24,0xff,0x5f,0x21,0x24,0xff,
        0x5f,0x21,0x24,0xff,0x5f,0x21,0x24,0xff,0x5f,0x21,0x24,0xff,0x5f,0x21,0x24,0xff,
        0x5f,0x21,0x24,0xff,0x5f,0x21,0x24,0xff,0x5f,0x21,0x24,0xff,0x5f,0x21,0x24,0xff,
        0x5f,0x21,0x24,0xff,0x5f,0x21,0x24,0xff,0x5f,0x21,0x24,0xff,0x5f,0x21,0x24,0xff,
        0x5f,0x21,0x24,0xff,0x5f,0x21,0x24,0xff,0x5f,0x21,0x24,0xff,0x5f,0x21,0x24,0xff,
        0x5f,0x21,0x24,0xff,0x60,0x25,0x25,0x30,0x00,0x00,0x00,0x00,0x00,0x00,0x00,0x00,
        0x00,0x00,0x00,0x00,0x00,0x00,0x00,0x00,0x00,0x00,0x00,0x00,0xb7,0x66,0x14,0xc0,
        0xb7,0x66,0x13,0xff,0xb7,0x66,0x13,0xff,0xb7,0x66,0x13,0xff,0xb7,0x66,0x13,0xff,
        0xb7,0x66,0x13,0xff,0xb7,0x66,0x13,0xff,0xb7,0x66,0x13,0xff,0xb7,0x66,0x13,0xff,
        0xb7,0x66,0x13,0xff,0xb7,0x66,0x13,0xff,0xb7,0x66,0x13,0xff,0xb7,0x66,0x14,0x80,
        0x00,0x00,0x00,0x00,0x00,0x00,0x00,0x00,0x00,0x00,0x00,0x00,0x00,0x00,0x00,0x00,
        0x00,0x00,0x00,0x00,0x60,0x28,0x28,0x20,0x5f,0x21,0x24,0xff,0x5f,0x21,0x24,0xff,
        0x5f,0x21,0x24,0xff,0x5f,0x21,0x24,0xff,0x5f,0x21,0x24,0xff,0x5f,0x21,0x24,0xff,
        0x5f,0x21,0x24,0xff,0x5f,0x21,0x24,0xff,0x5f,0x21,0x24,0xff,0x5f,0x21,0x24,0xff,
        0x5f,0x21,0x24,0xff,0x5f,0x21,0x24,0xff,0x5f,0x21,0x24,0xff,0x5f,0x21,0x24,0xff,
        0x5f,0x21,0x24,0xff,0x5f,0x21,0x24,0xff,0x5f,0x21,0x24,0xff,0x5f,0x21,0x24,0xff,
        0x5f,0x21,0x24,0xff,0x5f,0x21,0x24,0xff,0x5f,0x21,0x24,0xff,0x5f,0x21,0x24,0xff,
        0x60,0x21,0x24,0xf0,0x60,0x30,0x30,0x10,0x00,0x00,0x00,0x00,0x00,0x00,0x00,0x00,
        0x00,0x00,0x00,0x00,0x00,0x00,0x00,0x00,0x00,0x00,0x00,0x00,0xb6,0x67,0x13,0x90,
        0xb7,0x66,0x13,0xff,0xb7,0x66,0x13,0xff,0xb7,0x66,0x13,0xff,0xb7,0x66,0x13,0xff,
        0xb7,0x66,0x13,0xff,0xb7,0x66,0x13,0xff,0xb7,0x66,0x13,0xff,0xb7,0x66,0x13,0xff,
        0xb7,0x66,0x13,0xff,0xb7,0x66,0x13,0xff,0xb7,0x66,0x13,0xff,0xb9,0x66,0x13,0x50,
        0x00,0x00,0x00,0x00,0x00,0x00,0x00,0x00,0x00,0x00,0x00,0x00,0x00,0x00,0x00,0x00,
        0x00,0x00,0x00,0x00,0x00,0x00,0x00,0x00,0x60,0x28,0x28,0x20,0x60,0x22,0x24,0x80,
        0x60,0x22,0x24,0x80,0x60,0x22,0x24,0x80,0x60,0x22,0x24,0x80,0x60,0x22,0x24,0x80,
        0x60,0x22,0x24,0x80,0x60,0x22,0x24,0x80,0x60,0x22,0x24,0x80,0x60,0x22,0x24,0x80,
        0x60,0x22,0x24,0x80,0x60,0x22,0x24,0x80,0x60,0x22,0x24,0x80,0x60,0x22,0x24,0x80,
        0x60,0x22,0x24,0x80,0x60,0x22,0x24,0x80,0x60,0x22,0x24,0x80,0x60,0x22,0x24,0x80,
        0x60,0x22,0x24,0x80,0x60,0x22,0x24,0x80,0x60,0x22,0x24,0x80,0x60,0x22,0x24,0x80,
        0x60,0x28,0x28,0x20,0x00,0x00,0x00,0x00,0x00,0x00,0x00,0x00,0x00,0x00,0x00,0x00,
        0x00,0x00,0x00,0x00,0x00,0x00,0x00,0x00,0x00,0x00,0x00,0x00,0x00,0x00,0x00,0x00,
        0xb9,0x66,0x13,0x50,0xb7,0x66,0x14,0x80,0xb7,0x66,0x14,0x80,0xb7,0x66,0x14,0x80,
        0xb7,0x66,0x14,0x80,0xb7,0x66,0x14,0x80,0xb7,0x66,0x14,0x80,0xb7,0x66,0x14,0x80,
        0xb7,0x66,0x14,0x80,0xb7,0x66,0x14,0x80,0xb7,0x68,0x14,0x40,0x00,0x00,0x00,0x00,
        0x00,0x00,0x00,0x00,0x00,0x00,0x00,0x00,0x00,0x00,0x00,0x00,0x00,0x00,0x00,0x00,
        0x00,0x00,0x00,0x00,0x00,0x00,0x00,0x00,0x00,0x00,0x00,0x00,0x00,0x00,0x00,0x00,
        0x00,0x00,0x00,0x00,0x00,0x00,0x00,0x00,0x00,0x00,0x00,0x00,0x00,0x00,0x00,0x00,
        0x00,0x00,0x00,0x00,0x00,0x00,0x00,0x00,0x00,0x00,0x00,0x00,0x00,0x00,0x00,0x00,
        0x00,0x00,0x00,0x00,0x00,0x00,0x00,0x00,0x00,0x00,0x00,0x00,0x00,0x00,0x00,0x00,
        0x00,0x00,0x00,0x00,0x00,0x00,0x00,0x00,0x00,0x00,0x00,0x00,0x00,0x00,0x00,0x00,
        0x00,0x00,0x00,0x00,0x00,0x00,0x00,0x00,0x00,0x00,0x00,0x00,0x00,0x00,0x00,0x00,
        0x00,0x00,0x00,0x00,0x00,0x00,0x00,0x00,0x00,0x00,0x00,0x00,0x00,0x00,0x00,0x00,
        0x00,0x00,0x00,0x00,0x00,0x00,0x00,0x00,0x00,0x00,0x00,0x00,0x00,0x00,0x00,0x00,
        0x00,0x00,0x00,0x00,0x00,0x00,0x00,0x00,0x00,0x00,0x00,0x00,0x00,0x00,0x00,0x00,
        0x00,0x00,0x00,0x00,0x00,0x00,0x00,0x00,0x00,0x00,0x00,0x00,0x00,0x00,0x00,0x00,
        0x00,0x00,0x00,0x00,0x00,0x00,0x00,0x00,0x00,0x00,0x00,0x00,0x00,0x00,0x00,0x00,
        0x00,0x00,0x00,0x00,0x00,0x00,0x00,0x00,0x00,0x00,0x00,0x00,0x00,0x00,0x00,0x00,
        0x00,0x00,0x00,0x00,0x00,0x00,0x00,0x00,0x00,0x00,0x00,0x00,0x00,0x00,0x00,0x00,
        0x00,0x00,0x00,0x00,0x7c,0x2d,0x23,0x50,0x7c,0x2a,0x24,0x7f,0x7c,0x2a,0x24,0x7f,
        0x7c,0x2a,0x24,0x7f,0x7c,0x2a,0x24,0x7f,0x7c,0x2a,0x24,0x7f,0x7c,0x2a,0x24,0x7f,
        0x7c,0x2a,0x24,0x7f,0x7c,0x2a,0x24,0x7f,0x7c,0x2a,0x24,0x7f,0x7c,0x2a,0x24,0x7f,
        0x7c,0x2a,0x24,0x7f,0x7c,0x2a,0x24,0x7f,0x7c,0x2a,0x24,0x7f,0x7c,0x2a,0x24,0x7f,
        0x7c,0x2a,0x24,0x7f,0x7c,0x2a,0x24,0x7f,0x7c,0x2a,0x24,0x7f,0x7c,0x2a,0x24,0x7f,
        0x7c,0x2c,0x24,0x40,0x00,0x00,0x00,0x00,0x00,0x00,0x00,0x00,0x00,0x00,0x00,0x00,
        0x00,0x00,0x00,0x00,0x00,0x00,0x00,0x00,0x00,0x00,0x00,0x00,0xaf,0x50,0x20,0x10,
        0xa8,0x4e,0x17,0x6f,0xa9,0x4e,0x16,0x7f,0xa9,0x4e,0x16,0x7f,0xa9,0x4e,0x16,0x7f,
        0xa9,0x4e,0x16,0x7f,0xa9,0x4e,0x16,0x7f,0xa9,0x4e,0x16,0x7f,0xa9,0x4e,0x16,0x7f,
        0xa9,0x4e,0x16,0x7f,0xa9,0x4e,0x16,0x7f,0xa9,0x4e,0x16,0x7f,0xa9,0x4e,0x16,0x7f,
        0xa9,0x4e,0x16,0x7f,0xa9,0x50,0x16,0x50,0x00,0x00,0x00,0x00,0x00,0x00,0x00,0x00,
        0x00,0x00,0x00,0x00,0x00,0x00,0x00,0x00,0x00,0x00,0x00,0x00,0x00,0x00,0x00,0x00,
        0x80,0x2b,0x25,0x30,0x7c,0x2a,0x23,0xff,0x7c,0x2a,0x23,0xff,0x7c,0x2a,0x23,0xff,
        0x7c,0x2a,0x23,0xff,0x7c,0x2a,0x23,0xff,0x7c,0x2a,0x23,0xff,0x7c,0x2a,0x23,0xff,
        0x7c,0x2a,0x23,0xff,0x7c,0x2a,0x23,0xff,0x7c,0x2a,0x23,0xff,0x7c,0x2a,0x23,0xff,
        0x7c,0x2a,0x23,0xff,0x7c,0x2a,0x23,0xff,0x7c,0x2a,0x23,0xff,0x7c,0x2a,0x23,0xff,
        0x7c,0x2a,0x23,0xff,0x7c,0x2a,0x23,0xff,0x7c,0x2a,0x23,0xff,0x7c,0x2a,0x23,0xff,
        0x7c,0x2b,0x23,0xef,0x80,0x30,0x28,0x20,0x00,0x00,0x00,0x00,0x00,0x00,0x00,0x00,
        0x00,0x00,0x00,0x00,0x00,0x00,0x00,0x00,0x00,0x00,0x00,0x00,0xa7,0x4e,0x16,0xa0,
        0xa8,0x4e,0x16,0xff,0xa8,0x4e,0x16,0xff,0xa8,0x4e,0x16,0xff,0xa8,0x4e,0x16,0xff,
        0xa8,0x4e,0x16,0xff,0xa8,0x4e,0x16,0xff,0xa8,0x4e,0x16,0xff,0xa8,0x4e,0x16,0xff,
        0xa8,0x4e,0x16,0xff,0xa8,0x4e,0x16,0xff,0xa8,0x4e,0x16,0xff,0xa8,0x4e,0x16,0xff,
        0xa8,0x4e,0x16,0xff,0xa8,0x4e,0x16,0xff,0xaa,0x50,0x1b,0x30,0x00,0x00,0x00,0x00,
        0x00,0x00,0x00,0x00,0x00,0x00,0x00,0x00,0x00,0x00,0x00,0x00,0x00,0x00,0x00,0x00,
        0x7c,0x2d,0x23,0x50,0x7c,0x2a,0x23,0xff,0x7c,0x2a,0x23,0xff,0x7c,0x2a,0x23,0xff,
        0x7c,0x2a,0x23,0xff,0x7c,0x2a,0x23,0xff,0x7c,0x2a,0x23,0xff,0x7c,0x2a,0x23,0xff,
        0x7c,0x2a,0x23,0xff,0x7c,0x2a,0x23,0xff,0x7c,0x2a,0x23,0xff,0x7c,0x2a,0x23,0xff,
        0x7c,0x2a,0x23,0xff,0x7c,0x2a,0x23,0xff,0x7c,0x2a,0x23,0xff,0x7c,0x2a,0x23,0xff,
        0x7c,0x2a,0x23,0xff,0x7c,0x2a,0x23,0xff,0x7c,0x2a,0x23,0xff,0x7c,0x2a,0x23,0xff,
        0x7c,0x2a,0x23,0xff,0x80,0x2b,0x25,0x30,0x00,0x00,0x00,0x00,0x00,0x00,0x00,0x00,
        0x00,0x00,0x00,0x00,0x00,0x00,0x00,0x00,0x00,0x00,0x00,0x00,0xa8,0x4e,0x17,0xb0,
        0xa8,0x4e,0x16,0xff,0xa8,0x4e,0x16,0xff,0xa8,0x4e,0x16,0xff,0xa8,0x4e,0x16,0xff,
        0xa8,0x4e,0x16,0xff,0xa8,0x4e,0x16,0xff,0xa8,0x4e,0x16,0xff,0xa8,0x4e,0x16,0xff,
        0xa8,0x4e,0x16,0xff,0xa8,0x4e,0x16,0xff,0xa8,0x4e,0x16,0xff,0xa8,0x4e,0x16,0xff,
        0xa8,0x4e,0x16,0xff,0xa8,0x4e,0x16,0xff,0xa7,0x50,0x18,0x40,0x00,0x00,0x00,0x00,
        0x00,0x00,0x00,0x00,0x00,0x00,0x00,0x00,0x00,0x00,0x00,0x00,0x00,0x00,0x00,0x00,
        0x80,0x30,0x28,0x20,0x7c,0x2a,0x23,0xff,0x7c,0x2a,0x23,0xff,0x7c,0x2a,0x23,0xff,
        0x7c,0x2a,0x23,0xff,0x7c,0x2a,0x23,0xff,0x7c,0x2a,0x23,0xff,0x7c,0x2a,0x23,0xff,
        0x7c,0x2a,0x23,0xff,0x7c,0x2a,0x23,0xff,0x7c,0x2a,0x23,0xff,0x7c,0x2a,0x23,0xff,
        0x7c,0x2a,0x23,0xff,0x7c,0x2a,0x23,0xff,0x7c,0x2a,0x23,0xff,0x7c,0x2a,0x23,0xff,
        0x7c,0x2a,0x23,0xff,0x7c,0x2a,0x23,0xff,0x7c,0x2a,0x23,0xff,0x7c,0x2a,0x23,0xff,
        0x7c,0x2b,0x24,0xc0,0x00,0x00,0x00,0x00,0x9f,0x40,0x20,0x10,0x94,0x3a,0x1e,0x9f,
        0x94,0x39,0x1d,0xbf,0x96,0x39,0x20,0x50,0x00,0x00,0x00,0x00,0xa7,0x50,0x18,0x40,
        0xa8,0x4e,0x16,0xff,0xa8,0x4e,0x16,0xff,0xa8,0x4e,0x16,0xff,0xa8,0x4e,0x16,0xff,
        0xa8,0x4e,0x16,0xff,0xa8,0x4e,0x16,0xff,0xa8,0x4e,0x16,0xff,0xa8,0x4e,0x16,0xff,
        0xa8,0x4e,0x16,0xff,0xa8,0x4e,0x16,0xff,0xa8,0x4e,0x16,0xff,0xa8,0x4e,0x16,0xff,
        0xa8,0x4e,0x16,0xff,0xa8,0x4e,0x16,0xff,0xaf,0x50,0x20,0x10,0x00,0x00,0x00,0x00,
        0x00,0x00,0x00,0x00,0x00,0x00,0x00,0x00,0x00,0x00,0x00,0x00,0x00,0x00,0x00,0x00,
        0x00,0x00,0x00,0x00,0x7c,0x2b,0x23,0xf0,0x7c,0x2a,0x23,0xff,0x7c,0x2a,0x23,0xff,
        0x7c,0x2a,0x23,0xff,0x7c,0x2a,0x23,0xff,0x7c,0x2a,0x23,0xff,0x7c,0x2a,0x23,0xff,
        0x7c,0x2a,0x23,0xff,0x7c,0x2a,0x23,0xff,0x7c,0x2a,0x23,0xff,0x7c,0x2a,0x23,0xff,
        0x7c,0x2a,0x23,0xff,0x7c,0x2a,0x23,0xff,0x7c,0x2a,0x23,0xff,0x7c,0x2a,0x23,0xff,
        0x7c,0x2a,0x23,0xff,0x7c,0x2a,0x23,0xff,0x7c,0x2a,0x23,0xff,0x7c,0x2a,0x23,0xff,
        0x80,0x30,0x28,0x20,0x00,0x00,0x00,0x00,0x95,0x3a,0x1e,0x90,0x94,0x39,0x1d,0xff,
        0x94,0x39,0x1d,0xff,0x94,0x3a,0x1e,0xef,0x9f,0x40,0x20,0x10,0x00,0x00,0x00,0x00,
        0xa7,0x4e,0x17,0xc0,0xa8,0x4e,0x16,0xff,0xa8,0x4e,0x16,0xff,0xa8,0x4e,0x16,0xff,
        0xa8,0x4e,0x16,0xff,0xa8,0x4e,0x16,0xff,0xa8,0x4e,0x16,0xff,0xa8,0x4e,0x16,0xff,
        0xa8,0x4e,0x16,0xff,0xa8,0x4e,0x16,0xff,0xa8,0x4e,0x16,0xff,0xa8,0x4e,0x16,0xff,
        0xa8,0x4e,0x16,0xff,0xa8,0x4e,0x16,0xd0,0x00,0x00,0x00,0x00,0x00,0x00,0x00,0x00,
        0x00,0x00,0x00,0x00,0x00,0x00,0x00,0x00,0x00,0x00,0x00,0x00,0x00,0x00,0x00,0x00,
        0x00,0x00,0x00,0x00,0x7d,0x2a,0x24,0xb0,0x7c,0x2a,0x23,0xff,0x7c,0x2a,0x23,0xff,
        0x7c,0x2a,0x23,0xff,0x7c,0x2a,0x23,0xff,0x7c,0x2a,0x23,0xff,0x7c,0x2a,0x23,0xff,
        0x7c,0x2a,0x23,0xff,0x7c,0x2a,0x23,0xff,0x7c,0x2a,0x23,0xff,0x7c,0x2a,0x23,0xff,
        0x7c,0x2a,0x23,0xff,0x7c,0x2a,0x23,0xff,0x7c,0x2a,0x23,0xff,0x7c,0x2a,0x23,0xff,
        0x7c,0x2a,0x23,0xff,0x7c,0x2a,0x23,0xff,0x7c,0x2a,0x23,0xff,0x7c,0x2b,0x23,0x90,
        0x00,0x00,0x00,0x00,0x97,0x40,0x20,0x20,0x94,0x39,0x1d,0xff,0x94,0x39,0x1d,0xff,
        0x94,0x39,0x1d,0xff,0x94,0x39,0x1d,0xff,0x95,0x3a,0x1e,0x90,0x00,0x00,0x00,0x00,
        0xa7,0x50,0x18,0x20,0xa8,0x4e,0x16,0xff,0xa8,0x4e,0x16,0xff,0xa8,0x4e,0x16,0xff,
        0xa8,0x4e,0x16,0xff,0xa8,0x4e,0x16,0xff,0xa8,0x4e,0x16,0xff,0xa8,0x4e,0x16,0xff,
        0xa8,0x4e,0x16,0xff,0xa8,0x4e,0x16,0xff,0xa8,0x4e,0x16,0xff,0xa8,0x4e,0x16,0xff,
        0xa8,0x4e,0x16,0xff,0xa8,0x4e,0x17,0x90,0x00,0x00,0x00,0x00,0x00,0x00,0x00,0x00,
        0x00,0x00,0x00,0x00,0x00,0x00,0x00,0x00,0x00,0x00,0x00,0x00,0x00,0x00,0x00,0x00,
        0x00,0x00,0x00,0x00,0x7c,0x2a,0x24,0x80,0x7c,0x2a,0x23,0xff,0x7c,0x2a,0x23,0xff,
        0x7c,0x2a,0x23,0xff,0x7c,0x2a,0x23,0xff,0x7c,0x2a,0x23,0xff,0x7c,0x2a,0x23,0xff,
        0x7c,0x2a,0x23,0xff,0x7c,0x2a,0x23,0xff,0x7c,0x2a,0x23,0xff,0x7c,0x2a,0x23,0xff,
        0x7c,0x2a,0x23,0xff,0x7c,0x2a,0x23,0xff,0x7c,0x2a,0x23,0xff,0x7c,0x2a,0x23,0xff,
        0x7c,0x2a,0x23,0xff,0x7c,0x2a,0x23,0xff,0x7c,0x2b,0x23,0xf0,0x80,0x30,0x30,0x10,
        0x00,0x00,0x00,0x00,0x94,0x39,0x1d,0xbf,0x94,0x39,0x1d,0xff,0x94,0x39,0x1d,0xff,
        0x94,0x39,0x1d,0xff,0x94,0x39,0x1d,0xff,0x94,0x39,0x1d,0xff,0x95,0x3a,0x20,0x30,
        0x00,0x00,0x00,0x00,0xa7,0x4e,0x16,0x80,0xa8,0x4e,0x16,0xff,0xa8,0x4e,0x16,0xff,
        0xa8,0x4e,0x16,0xff,0xa8,0x4e,0x16,0xff,0xa8,0x4e,0x16,0xff,0xa8,0x4e,0x16,0xff,
        0xa8,0x4e,0x16,0xff,0xa8,0x4e,0x16,0xff,0xa8,0x4e,0x16,0xff,0xa8,0x4e,0x16,0xff,
        0xa8,0x4e,0x16,0xff,0xa7,0x50,0x18,0x20,0x00,0x00,0x00,0x00,0x00,0x00,0x00,0x00,
        0x00,0x00,0x00,0x00,0x00,0x00,0x00,0x00,0x00,0x00,0x00,0x00,0x00,0x00,0x00,0x00,
        0x00,0x00,0x00,0x00,0x80,0x30,0x28,0x20,0x7c,0x2a,0x23,0xff,0x7c,0x2a,0x23,0xff,
        0x7c,0x2a,0x23,0xff,0x7c,0x2a,0x23,0xff,0x7c,0x2a,0x23,0xff,0x7c,0x2a,0x23,0xff,
        0x7c,0x2a,0x23,0xff,0x7c,0x2a,0x23,0xff,0x7c,0x2a,0x23,0xff,0x7c,0x2a,0x23,0xff,
        0x7c,0x2a,0x23,0xff,0x7c,0x2a,0x23,0xff,0x7c,0x2a,0x23,0xff,0x7c,0x2a,0x23,0xff,
        0x7c,0x2a,0x23,0xff,0x7c,0x2a,0x23,0xff,0x7d,0x2b,0x24,0x70,0x00,0x00,0x00,0x00,
        0x93,0x3c,0x20,0x40,0x94,0x39,0x1d,0xff,0x94,0x39,0x1d,0xff,0x94,0x39,0x1d,0xff,
        0x94,0x39,0x1d,0xff,0x94,0x39,0x1d,0xff,0x94,0x39,0x1d,0xff,0x94,0x39,0x1d,0xbf,
        0x00,0x00,0x00,0x00,0xaf,0x50,0x20,0x10,0xa8,0x4f,0x16,0xf0,0xa8,0x4e,0x16,0xff,
        0xa8,0x4e,0x16,0xff,0xa8,0x4e,0x16,0xff,0xa8,0x4e,0x16,0xff,0xa8,0x4e,0x16,0xff,
        0xa8,0x4e,0x16,0xff,0xa8,0x4e,0x16,0xff,0xa8,0x4e,0x16,0xff,0xa8,0x4e,0x16,0xff,
        0xa7,0x4e,0x16,0xa0,0x00,0x00,0x00,0x00,0x00,0x00,0x00,0x00,0x00,0x00,0x00,0x00,
        0x00,0x00,0x00,0x00,0x00,0x00,0x00,0x00,0x00,0x00,0x00,0x00,0x00,0x00,0x00,0x00,
        0x00,0x00,0x00,0x00,0x00,0x00,0x00,0x00,0x7c,0x2b,0x24,0xc0,0x7c,0x2a,0x23,0xff,
        0x7c,0x2a,0x23,0xff,0x7c,0x2a,0x23,0xff,0x7c,0x2a,0x23,0xff,0x7c,0x2a,0x23,0xff,
        0x7c,0x2a,0x23,0xff,0x7c,0x2a,0x23,0xff,0x7c,0x2a,0x23,0xff,0x7c,0x2a,0x23,0xff,
        0x7c,0x2a,0x23,0xff,0x7c,0x2a,0x23,0xff,0x7c,0x2a,0x23,0xff,0x7c,0x2a,0x23,0xff,
        0x7c,0x2a,0x23,0xff,0x7c,0x2a,0x23,0xe0,0x00,0x00,0x00,0x00,0x00,0x00,0x00,0x00,
        0x94,0x39,0x1e,0xdf,0x94,0x39,0x1d,0xff,0x94,0x39,0x1d,0xff,0x94,0x39,0x1d,0xff,
        0x94,0x39,0x1d,0xff,0x94,0x39,0x1d,0xff,0x94,0x39,0x1d,0xff,0x94,0x39,0x1d,0xff,
        0x96,0x39,0x20,0x50,0x00,0x00,0x00,0x00,0xa7,0x50,0x18,0x60,0xa8,0x4e,0x16,0xff,
        0xa8,0x4e,0x16,0xff,0xa8,0x4e,0x16,0xff,0xa8,0x4e,0x16,0xff,0xa8,0x4e,0x16,0xff,
        0xa8,0x4e,0x16,0xff,0xa8,0x4e,0x16,0xff,0xa8,0x4e,0x16,0xff,0xa8,0x4e,0x16,0xff,
        0xaa,0x50,0x1b,0x30,0x00,0x00,0x00,0x00,0x00,0x00,0x00,0x00,0x00,0x00,0x00,0x00,
        0x00,0x00,0x00,0x00,0x00,0x00,0x00,0x00,0x00,0x00,0x00,0x00,0x00,0x00,0x00,0x00,
        0x00,0x00,0x00,0x00,0x00,0x00,0x00,0x00,0x7c,0x2c,0x24,0x40,0x7c,0x2a,0x23,0xff,
        0x7c,0x2a,0x23,0xff,0x7c,0x2a,0x23,0xff,0x7c,0x2a,0x23,0xff,0x7c,0x2a,0x23,0xff,
        0x7c,0x2a,0x23,0xff,0x7c,0x2a,0x23,0xff,0x7c,0x2a,0x23,0xff,0x7c,0x2a,0x23,0xff,
        0x7c,0x2a,0x23,0xff,0x7c,0x2a,0x23,0xff,0x7c,0x2a,0x23,0xff,0x7c,0x2a,0x23,0xff,
        0x7c,0x2a,0x23,0xff,0x7c,0x2c,0x24,0x40,0x00,0x00,0x00,0x00,0x94,0x39,0x1e,0x70,
        0x94,0x39,0x1d,0xff,0x94,0x39,0x1d,0xff,0x94,0x39,0x1d,0xff,0x94,0x39,0x1d,0xff,
        0x94,0x39,0x1d,0xff,0x94,0x39,0x1d,0xff,0x94,0x39,0x1d,0xff,0x94,0x39,0x1d,0xff,
        0x94,0x39,0x1e,0xdf,0x00,0x00,0x00,0x00,0x00,0x00,0x00,0x00,0xa8,0x4e,0x16,0xd0,
        0xa8,0x4e,0x16,0xff,0xa8,0x4e,0x16,0xff,0xa8,0x4e,0x16,0xff,0xa8,0x4e,0x16,0xff,
        0xa8,0x4e,0x16,0xff,0xa8,0x4e,0x16,0xff,0xa8,0x4e,0x16,0xff,0xa7,0x4e,0x16,0x80,
        0x00,0x00,0x00,0x00,0x00,0x00,0x00,0x00,0x00,0x00,0x00,0x00,0x00,0x00,0x00,0x00,
        0x00,0x00,0x00,0x00,0x00,0x00,0x00,0x00,0x00,0x00,0x00,0x00,0x00,0x00,0x00,0x00,
        0x00,0x00,0x00,0x00,0x00,0x00,0x00,0x00,0x00,0x00,0x00,0x00,0x7c,0x2a,0x23,0xe0,
        0x7c,0x2a,0x23,0xff,0x7c,0x2a,0x23,0xff,0x7c,0x2a,0x23,0xff,0x7c,0x2a,0x23,0xff,
        0x7c,0x2a,0x23,0xff,0x7c,0x2a,0x23,0xff,0x7c,0x2a,0x23,0xff,0x7c,0x2a,0x23,0xff,
        0x7c,0x2a,0x23,0xff,0x7c,0x2a,0x23,0xff,0x7c,0x2a,0x23,0xff,0x7c,0x2a,0x23,0xff,
        0x7d,0x2a,0x24,0xb0,0x00,0x00,0x00,0x00,0x9f,0x40,0x20,0x10,0x94,0x3a,0x1e,0xef,
        0x94,0x39,0x1d,0xff,0x94,0x39,0x1d,0xff,0x94,0x39,0x1d,0xff,0x94,0x39,0x1d,0xff,
        0x94,0x39,0x1d,0xff,0x94,0x39,0x1d,0xff,0x94,0x39,0x1d,0xff,0x94,0x39,0x1d,0xff,
        0x94,0x39,0x1d,0xff,0x93,0x3a,0x1e,0x80,0x00,0x00,0x00,0x00,0xa7,0x50,0x18,0x40,
        0xa8,0x4e,0x16,0xff,0xa8,0x4e,0x16,0xff,0xa8,0x4e,0x16,0xff,0xa8,0x4e,0x16,0xff,
        0xa8,0x4e,0x16,0xff,0xa8,0x4e,0x16,0xff,0xa8,0x4e,0x16,0xd0,0x00,0x00,0x00,0x00,
        0x00,0x00,0x00,0x00,0x00,0x00,0x00,0x00,0x00,0x00,0x00,0x00,0x00,0x00,0x00,0x00,
        0x00,0x00,0x00,0x00,0x00,0x00,0x00,0x00,0x00,0x00,0x00,0x00,0x00,0x00,0x00,0x00,
        0x00,0x00,0x00,0x00,0x00,0x00,0x00,0x00,0x00,0x00,0x00,0x00,0x7c,0x2d,0x23,0x50,
        0x7c,0x2a,0x23,0xff,0x7c,0x2a,0x23,0xff,0x7c,0x2a,0x23,0xff,0x7c,0x2a,0x23,0xff,
        0x7c,0x2a,0x23,0xff,0x7c,0x2a,0x23,0xff,0x7c,0x2a,0x23,0xff,0x7c,0x2a,0x23,0xff,
        0x7c,0x2a,0x23,0xff,0x7c,0x2a,0x23,0xff,0x7c,0x2a,0x23,0xff,0x7c,0x2a,0x23,0xff,
        0x80,0x30,0x28,0x20,0x00,0x00,0x00,0x00,0x94,0x39,0x1e,0xa0,0x94,0x39,0x1d,0xff,
        0x94,0x39,0x1d,0xff,0x94,0x39,0x1d,0xff,0x94,0x39,0x1d,0xff,0x94,0x39,0x1d,0xff,
        0x94,0x39,0x1d,0xff,0x94,0x39,0x1d,0xff,0x94,0x39,0x1d,0xff,0x94,0x39,0x1d,0xff,
        0x94,0x39,0x1d,0xff,0x94,0x3a,0x1e,0xef,0x9f,0x40,0x20,0x10,0x00,0x00,0x00,0x00,
        0xa7,0x4e,0x16,0xa0,0xa8,0x4e,0x16,0xff,0xa8,0x4e,0x16,0xff,0xa8,0x4e,0x16,0xff,
        0xa8,0x4e,0x16,0xff,0xa8,0x4f,0x16,0xf0,0xa7,0x50,0x18,0x20,0x00,0x00,0x00,0x00,
        0x00,0x00,0x00,0x00,0x00,0x00,0x00,0x00,0x00,0x00,0x00,0x00,0x00,0x00,0x00,0x00,
        0x00,0x00,0x00,0x00,0x00,0x00,0x00,0x00,0x00,0x00,0x00,0x00,0x00,0x00,0x00,0x00,
        0x00,0x00,0x00,0x00,0x00,0x00,0x00,0x00,0x00,0x00,0x00,0x00,0x00,0x00,0x00,0x00,
        0x7c,0x2b,0x23,0xa0,0x7c,0x2a,0x23,0xff,0x7c,0x2a,0x23,0xff,0x7c,0x2a,0x23,0xff,
        0x7c,0x2a,0x23,0xff,0x7c,0x2a,0x23,0xff,0x7c,0x2a,0x23,0xff,0x7c,0x2a,0x23,0xff,
        0x7c,0x2a,0x23,0xff,0x7c,0x2a,0x23,0xff,0x7c,0x2a,0x23,0xff,0x7c,0x2a,0x24,0x80,
        0x00,0x00,0x00,0x00,0x95,0x3a,0x20,0x30,0x94,0x39,0x1d,0xff,0x94,0x39,0x1d,0xff,
        0x94,0x39,0x1d,0xff,0x94,0x39,0x1d,0xff,0x94,0x39,0x1d,0xff,0x94,0x39,0x1d,0xff,
        0x94,0x39,0x1d,0xff,0x94,0x39,0x1d,0xff,0x94,0x39,0x1d,0xff,0x94,0x39,0x1d,0xff,
        0x94,0x39,0x1d,0xff,0x94,0x39,0x1d,0xff,0x94,0x39,0x1e,0xa0,0x00,0x00,0x00,0x00,
        0xa7,0x50,0x18,0x20,0xa8,0x4f,0x16,0xf0,0xa8,0x4e,0x16,0xff,0xa8,0x4e,0x16,0xff,
        0xa8,0x4e,0x16,0xd0,0xaf,0x50,0x20,0x10,0x00,0x00,0x00,0x00,0x00,0x00,0x00,0x00,
        0x00,0x00,0x00,0x00,0x00,0x00,0x00,0x00,0x00,0x00,0x00,0x00,0x00,0x00,0x00,0x00,
        0x00,0x00,0x00,0x00,0x00,0x00,0x00,0x00,0x00,0x00,0x00,0x00,0x00,0x00,0x00,0x00,
        0x00,0x00,0x00,0x00,0x00,0x00,0x00,0x00,0x00,0x00,0x00,0x00,0x00,0x00,0x00,0x00,
        0x80,0x30,0x30,0x10,0x7c,0x2b,0x24,0xd0,0x7c,0x2a,0x23,0xff,0x7c,0x2a,0x23,0xff,
        0x7c,0x2a,0x23,0xff,0x7c,0x2a,0x23,0xff,0x7c,0x2a,0x23,0xff,0x7c,0x2a,0x23,0xff,
        0x7c,0x2a,0x23,0xff,0x7c,0x2a,0x23,0xff,0x7c,0x2b,0x23,0xf0,0x80,0x30,0x30,0x10,
        0x00,0x00,0x00,0x00,0x94,0x39,0x1d,0xbf,0x94,0x39,0x1d,0xff,0x94,0x39,0x1d,0xff,
        0x94,0x39,0x1d,0xff,0x94,0x39,0x1d,0xff,0x94,0x39,0x1d,0xff,0x94,0x39,0x1d,0xff,
        0x94,0x39,0x1d,0xff,0x94,0x39,0x1d,0xff,0x94,0x39,0x1d,0xff,0x94,0x39,0x1d,0xff,
        0x94,0x39,0x1d,0xff,0x94,0x39,0x1d,0xff,0x94,0x39,0x1d,0xff,0x93,0x3c,0x20,0x40,
        0x00,0x00,0x00,0x00,0xa7,0x50,0x18,0x60,0xa8,0x4f,0x16,0xf0,0xa8,0x4e,0x16,0xd0,
        0xaf,0x50,0x20,0x10,0x00,0x00,0x00,0x00,0x00,0x00,0x00,0x00,0x00,0x00,0x00,0x00,
        0x00,0x00,0x00,0x00,0x00,0x00,0x00,0x00,0x00,0x00,0x00,0x00,0x00,0x00,0x00,0x00,
        0x00,0x00,0x00,0x00,0x00,0x00,0x00,0x00,0x00,0x00,0x00,0x00,0x00,0x00,0x00,0x00,
        0x00,0x00,0x00,0x00,0x00,0x00,0x00,0x00,0x00,0x00,0x00,0x00,0x00,0x00,0x00,0x00,
        0x00,0x00,0x00,0x00,0x80,0x2b,0x25,0x30,0x7c,0x2a,0x23,0xff,0x7c,0x2a,0x23,0xff,
        0x7c,0x2a,0x23,0xff,0x7c,0x2a,0x23,0xff,0x7c,0x2a,0x23,0xff,0x7c,0x2a,0x23,0xff,
        0x7c,0x2a,0x23,0xff,0x7c,0x2a,0x23,0xff,0x7d,0x2b,0x25,0x60,0x00,0x00,0x00,0x00,
        0x96,0x39,0x20,0x50,0x94,0x39,0x1d,0xff,0x94,0x39,0x1d,0xff,0x94,0x39,0x1d,0xff,
        0x94,0x39,0x1d,0xff,0x94,0x39,0x1d,0xff,0x94,0x39,0x1d,0xff,0x94,0x39,0x1d,0xff,
        0x94,0x39,0x1d,0xff,0x94,0x39,0x1d,0xff,0x94,0x39,0x1d,0xff,0x94,0x39,0x1d,0xff,
        0x94,0x39,0x1d,0xff,0x94,0x39,0x1d,0xff,0x94,0x39,0x1d,0xff,0x94,0x39,0x1d,0xbf,
        0x00,0x00,0x00,0x00,0x00,0x00,0x00,0x00,0x00,0x00,0x00,0x00,0x00,0x00,0x00,0x00,
        0x00,0x00,0x00,0x00,0x00,0x00,0x00,0x00,0x00,0x00,0x00,0x00,0x00,0x00,0x00,0x00,
        0x00,0x00,0x00,0x00,0x00,0x00,0x00,0x00,0x00,0x00,0x00,0x00,0x00,0x00,0x00,0x00,
        0x00,0x00,0x00,0x00,0x00,0x00,0x00,0x00,0x00,0x00,0x00,0x00,0x00,0x00,0x00,0x00,
        0x00,0x00,0x00,0x00,0x00,0x00,0x00,0x00,0x00,0x00,0x00,0x00,0x00,0x00,0x00,0x00,
        0x00,0x00,0x00,0x00,0x00,0x00,0x00,0x00,0x7d,0x2b,0x25,0x60,0x7c,0x2a,0x23,0xff,
        0x7c,0x2a,0x23,0xff,0x7c,0x2a,0x23,0xff,0x7c,0x2a,0x23,0xff,0x7c,0x2a,0x23,0xff,
        0x7c,0x2a,0x23,0xff,0x7c,0x2b,0x24,0xd0,0x00,0x00,0x00,0x00,0x00,0x00,0x00,0x00,
        0x94,0x39,0x1e,0xdf,0x94,0x39,0x1d,0xff,0x94,0x39,0x1d,0xff,0x94,0x39,0x1d,0xff,
        0x94,0x39,0x1d,0xff,0x94,0x39,0x1d,0xff,0x94,0x39,0x1d,0xff,0x94,0x39,0x1d,0xff,
        0x94,0x39,0x1d,0xff,0x94,0x39,0x1d,0xff,0x94,0x39,0x1d,0xff,0x94,0x39,0x1d,0xff,
        0x94,0x39,0x1d,0xff,0x94,0x39,0x1d,0xff,0x94,0x39,0x1d,0xff,0x94,0x39,0x1d,0xff,
        0x95,0x3a,0x1d,0x60,0x00,0x00,0x00,0x00,0x00,0x00,0x00,0x00,0x00,0x00,0x00,0x00,
        0x00,0x00,0x00,0x00,0x00,0x00,0x00,0x00,0x00,0x00,0x00,0x00,0x00,0x00,0x00,0x00,
        0x00,0x00,0x00,0x00,0x00,0x00,0x00,0x00,0x00,0x00,0x00,0x00,0x00,0x00,0x00,0x00,
        0x00,0x00,0x00,0x00,0x00,0x00,0x00,0x00,0x00,0x00,0x00,0x00,0x00,0x00,0x00,0x00,
        0x00,0x00,0x00,0x00,0x00,0x00,0x00,0x00,0x00,0x00,0x00,0x00,0x00,0x00,0x00,0x00,
        0x00,0x00,0x00,0x00,0x00,0x00,0x00,0x00,0x00,0x00,0x00,0x00,0x80,0x2b,0x25,0x30,
        0x7c,0x2b,0x23,0xf0,0x7c,0x2a,0x23,0xff,0x7c,0x2a,0x23,0xff,0x7c,0x2a,0x23,0xff,
        0x7c,0x2a,0x23,0xff,0x7c,0x2c,0x24,0x40,0x00,0x00,0x00,0x00,0x94,0x39,0x1e,0x70,
        0x94,0x39,0x1d,0xff,0x94,0x39,0x1d,0xff,0x94,0x39,0x1d,0xff,0x94,0x39,0x1d,0xff,
        0x94,0x39,0x1d,0xff,0x94,0x39,0x1d,0xff,0x94,0x39,0x1d,0xff,0x94,0x39,0x1d,0xff,
        0x94,0x39,0x1d,0xff,0x94,0x39,0x1d,0xff,0x94,0x39,0x1d,0xff,0x94,0x39,0x1d,0xff,
        0x94,0x39,0x1d,0xff,0x94,0x39,0x1d,0xff,0x94,0x39,0x1d,0xff,0x94,0x39,0x1d,0xff,
        0x94,0x39,0x1e,0xdf,0x00,0x00,0x00,0x00,0x00,0x00,0x00,0x00,0x00,0x00,0x00,0x00,
        0x00,0x00,0x00,0x00,0x00,0x00,0x00,0x00,0x00,0x00,0x00,0x00,0x00,0x00,0x00,0x00,
        0x00,0x00,0x00,0x00,0x00,0x00,0x00,0x00,0x00,0x00,0x00,0x00,0x00,0x00,0x00,0x00,
        0x00,0x00,0x00,0x00,0x00,0x00,0x00,0x00,0x00,0x00,0x00,0x00,0x00,0x00,0x00,0x00,
        0x00,0x00,0x00,0x00,0x00,0x00,0x00,0x00,0x00,0x00,0x00,0x00,0x00,0x00,0x00,0x00,
        0x00,0x00,0x00,0x00,0x00,0x00,0x00,0x00,0x00,0x00,0x00,0x00,0x00,0x00,0x00,0x00,
        0x80,0x2b,0x25,0x30,0x7c,0x2b,0x23,0xf0,0x7c,0x2a,0x23,0xff,0x7c,0x2a,0x23,0xff,
        0x7c,0x2b,0x23,0xa0,0x00,0x00,0x00,0x00,0x00,0x00,0x00,0x00,0x94,0x3a,0x1d,0xb0,
        0x94,0x39,0x1d,0xff,0x94,0x39,0x1d,0xff,0x94,0x39,0x1d,0xff,0x94,0x39,0x1d,0xff,
        0x94,0x39,0x1d,0xff,0x94,0x39,0x1d,0xff,0x94,0x39,0x1d,0xff,0x94,0x39,0x1d,0xff,
        0x94,0x39,0x1d,0xff,0x94,0x39,0x1d,0xff,0x94,0x39,0x1d,0xff,0x94,0x39,0x1d,0xff,
        0x94,0x39,0x1d,0xff,0x94,0x39,0x1d,0xff,0x94,0x39,0x1d,0xff,0x94,0x39,0x1d,0xff,
        0x94,0x39,0x1d,0xff,0x97,0x40,0x20,0x20,0x00,0x00,0x00,0x00,0x00,0x00,0x00,0x00,
        0x00,0x00,0x00,0x00,0x00,0x00,0x00,0x00,0x00,0x00,0x00,0x00,0x00,0x00,0x00,0x00,
        0x00,0x00,0x00,0x00,0x00,0x00,0x00,0x00,0x00,0x00,0x00,0x00,0x00,0x00,0x00,0x00,
        0x00,0x00,0x00,0x00,0x00,0x00,0x00,0x00,0x00,0x00,0x00,0x00,0x00,0x00,0x00,0x00,
        0x00,0x00,0x00,0x00,0x00,0x00,0x00,0x00,0x00,0x00,0x00,0x00,0x00,0x00,0x00,0x00,
        0x00,0x00,0x00,0x00,0x00,0x00,0x00,0x00,0x00,0x00,0x00,0x00,0x00,0x00,0x00,0x00,
        0x00,0x00,0x00,0x00,0x80,0x2b,0x25,0x30,0x7d,0x2a,0x24,0xb0,0x7c,0x2b,0x23,0xa0,
        0x80,0x30,0x30,0x10,0x00,0x00,0x00,0x00,0x00,0x00,0x00,0x00,0x93,0x3c,0x20,0x40,
        0x94,0x39,0x1e,0xf0,0x94,0x39,0x1d,0xff,0x94,0x39,0x1d,0xff,0x94,0x39,0x1d,0xff,
        0x94,0x39,0x1d,0xff,0x94,0x39,0x1d,0xff,0x94,0x39,0x1d,0xff,0x94,0x39,0x1d,0xff,
        0x94,0x39,0x1d,0xff,0x94,0x39,0x1d,0xff,0x94,0x39,0x1d,0xff,0x94,0x39,0x1d,0xff,
        0x94,0x39,0x1d,0xff,0x94,0x39,0x1d,0xff,0x94,0x39,0x1d,0xff,0x94,0x39,0x1d,0xff,
        0x94,0x39,0x1e,0xa0,0x00,0x00,0x00,0x00,0x00,0x00,0x00,0x00,0x00,0x00,0x00,0x00,
        0x00,0x00,0x00,0x00,0x00,0x00,0x00,0x00,0x00,0x00,0x00,0x00,0x00,0x00,0x00,0x00,
        0x00,0x00,0x00,0x00,0x00,0x00,0x00,0x00,0x00,0x00,0x00,0x00,0x00,0x00,0x00,0x00,
        0x00,0x00,0x00,0x00,0x00,0x00,0x00,0x00,0x00,0x00,0x00,0x00,0x00,0x00,0x00,0x00,
        0x00,0x00,0x00,0x00,0x00,0x00,0x00,0x00,0x00,0x00,0x00,0x00,0x00,0x00,0x00,0x00,
        0x00,0x00,0x00,0x00,0x00,0x00,0x00,0x00,0x00,0x00,0x00,0x00,0x00,0x00,0x00,0x00,
        0x00,0x00,0x00,0x00,0x00,0x00,0x00,0x00,0x00,0x00,0x00,0x00,0x00,0x00,0x00,0x00,
        0x00,0x00,0x00,0x00,0x00,0x00,0x00,0x00,0x00,0x00,0x00,0x00,0x00,0x00,0x00,0x00,
        0x00,0x00,0x00,0x00,0x96,0x39,0x20,0x50,0x94,0x39,0x1e,0xa0,0x94,0x39,0x1e,0xf0,
        0x94,0x39,0x1d,0xff,0x94,0x39,0x1d,0xff,0x94,0x39,0x1d,0xff,0x94,0x39,0x1d,0xff,
        0x94,0x39,0x1d,0xff,0x94,0x39,0x1d,0xff,0x94,0x39,0x1d,0xff,0x94,0x39,0x1d,0xff,
        0x94,0x39,0x1d,0xff,0x93,0x39,0x1d,0xc0,0x94,0x39,0x1e,0x70,0x97,0x40,0x20,0x20,
        0x00,0x00,0x00,0x00,0x00,0x00,0x00,0x00,0x00,0x00,0x00,0x00,0x00,0x00,0x00,0x00,
        0x00,0x00,0x00,0x00,0x00,0x00,0x00,0x00,0x00,0x00,0x00,0x00,0x00,0x00,0x00,0x00,
        0x00,0x00,0x00,0x00,0x00,0x00,0x00,0x00,0x00,0x00,0x00,0x00,0x00,0x00,0x00,0x00,
        0x00,0x00,0x00,0x00,0x00,0x00,0x00,0x00,0x00,0x00,0x00,0x00,0x00,0x00,0x00,0x00,
        0x00,0x00,0x00,0x00,0x00,0x00,0x00,0x00,0x00,0x00,0x00,0x00,0x00,0x00,0x00,0x00,
        0x00,0x00,0x00,0x00,0x00,0x00,0x00,0x00,0x00,0x00,0x00,0x00,0x00,0x00,0x00,0x00,
        0x00,0x00,0x00,0x00,0x00,0x00,0x00,0x00,0x00,0x00,0x00,0x00,0x00,0x00,0x00,0x00,
        0x00,0x00,0x00,0x00,0x00,0x00,0x00,0x00,0x00,0x00,0x00,0x00,0x00,0x00,0x00,0x00,
        0x00,0x00,0x00,0x00,0x00,0x00,0x00,0x00,0x00,0x00,0x00,0x00,0x00,0x00,0x00,0x00,
        0x95,0x3a,0x20,0x30,0x93,0x3c,0x20,0x40,0x95,0x3a,0x1d,0x60,0x93,0x3a,0x1e,0x80,
        0x93,0x3a,0x1e,0x80,0x93,0x3a,0x1e,0x80,0x93,0x3c,0x20,0x40,0x93,0x3c,0x20,0x40,
        0x9f,0x40,0x20,0x10,0x00,0x00,0x00,0x00,0x00,0x00,0x00,0x00,0x00,0x00,0x00,0x00,
        0x00,0x00,0x00,0x00,0x00,0x00,0x00,0x00,0x00,0x00,0x00,0x00,0x00,0x00,0x00,0x00,
        0x00,0x00,0x00,0x00,0x00,0x00,0x00,0x00,0x00,0x00,0x00,0x00,0x00,0x00,0x00,0x00,
        0x00,0x00,0x00,0x00,0x00,0x00,0x00,0x00,0x00,0x00,0x00,0x00,0x00,0x00,0x00,0x00,
        0x00,0x00,0x00,0x00,0x00,0x00,0x00,0x00,0x00,0x00,0x00,0x00,0x00,0x00,0x00,0x00,
        0x00,0x00,0x00,0x00,0x00,0x00,0x00,0x00,0x00,0x00,0x00,0x00,0x00,0x00,0x00,0x00,
        0x00,0x00,0x00,0x00,0x00,0x00,0x00,0x00,0x00,0x00,0x00,0x00,0x00,0x00,0x00,0x00,
        0x00,0x00,0x00,0x00,0x00,0x00,0x00,0x00,0x00,0x00,0x00,0x00,0x00,0x00,0x00,0x00,
        0x00,0x00,0x00,0x00,0x00,0x00,0x00,0x00,0x00,0x00,0x00,0x00,0x00,0x00,0x00,0x00,
        0x00,0x00,0x00,0x00,0x00,0x00,0x00,0x00,0x00,0x00,0x00,0x00,0x00,0x00,0x00,0x00,
        0x00,0x00,0x00,0x00,0x00,0x00,0x00,0x00,0x00,0x00,0x00,0x00,0x00,0x00,0x00,0x00,
        0x00,0x00,0x00,0x00,0x00,0x00,0x00,0x00,0x00,0x00,0x00,0x00,0x00,0x00,0x00,0x00,
        0x00,0x00,0x00,0x00,0x00,0x00,0x00,0x00,0x00,0x00,0x00,0x00,0x00,0x00,0x00,0x00,
        0x00,0x00,0x00,0x00,0x00,0x00,0x00,0x00,0x00,0x00,0x00,0x00,0x00,0x00,0x00,0x00,
        0x00,0x00,0x00,0x00,0x00,0x00,0x00,0x00,0x00,0x00,0x00,0x00,0x00,0x00,0x00,0x00,
        0x00,0x00,0x00,0x00,0x00,0x00,0x00,0x00,0x00,0x00,0x00,0x00,0x00,0x00,0x00,0x00,
        0x00,0x00,0x00,0x00,0x00,0x00,0x00,0x00,0x00,0x00,0x00,0x00,0x00,0x00,0x00,0x00,
        0x00,0x00,0x00,0x00,0x00,0x00,0x00,0x00,0x00,0x00,0x00,0x00,0x00,0x00,0x00,0x00,
        0x00,0x00,0x00,0x00,0x00,0x00,0x00,0x00,0x00,0x00,0x00,0x00,0x00,0x00,0x00,0x00,
        0x00,0x00,0x00,0x00,0x00,0x00,0x00,0x00,0x00,0x00,0x00,0x00,0x00,0x00,0x00,0x00,
        0x00,0x00,0x00,0x00,0x00,0x00,0x00,0x00,0x00,0x00,0x00,0x00,0x00,0x00,0x00,0x00,
        0x00,0x00,0x00,0x00,0x00,0x00,0x00,0x00,0x00,0x00,0x00,0x00,0x00,0x00,0x00,0x00,
        0x00,0x00,0x00,0x00,0x00,0x00,0x00,0x00,0x00,0x00,0x00,0x00,0x00,0x00,0x00,0x00,
        0x00,0x00,0x00,0x00,0x00,0x00,0x00,0x00,0x00,0x00,0x00,0x00,0x00,0x00,0x00,0x00,
        0x00,0x00,0x00,0x00,0x00,0x00,0x00,0x00,0x00,0x00,0x00,0x00,0x00,0x00,0x00,0x00,
        0x00,0x00,0x00,0x00,0x00,0x00,0x00,0x00,0x00,0x00,0x00,0x00,0x00,0x00,0x00,0x00,
        0x00,0x00,0x00,0x00,0x00,0x00,0x00,0x00,0x00,0x00,0x00,0x00,0x00,0x00,0x00,0x00,
        0x00,0x00,0x00,0x00,0x00,0x00,0x00,0x00,0x00,0x00,0x00,0x00,0x00,0x00,0x00,0x00,
    };

    inline constexpr unsigned char k_rgba_64[16384] = {
        0x00,0x00,0x00,0x00,0x00,0x00,0x00,0x00,0x00,0x00,0x00,0x00,0x00,0x00,0x00,0x00,
        0x00,0x00,0x00,0x00,0x00,0x00,0x00,0x00,0x00,0x00,0x00,0x00,0x00,0x00,0x00,0x00,
        0x00,0x00,0x00,0x00,0x00,0x00,0x00,0x00,0x00,0x00,0x00,0x00,0x00,0x00,0x00,0x00,
        0x00,0x00,0x00,0x00,0x00,0x00,0x00,0x00,0x00,0x00,0x00,0x00,0x00,0x00,0x00,0x00,
        0x00,0x00,0x00,0x00,0x00,0x00,0x00,0x00,0x00,0x00,0x00,0x00,0x00,0x00,0x00,0x00,
        0x00,0x00,0x00,0x00,0x00,0x00,0x00,0x00,0x00,0x00,0x00,0x00,0x00,0x00,0x00,0x00,
        0x00,0x00,0x00,0x00,0x00,0x00,0x00,0x00,0x00,0x00,0x00,0x00,0x00,0x00,0x00,0x00,
        0x00,0x00,0x00,0x00,0x00,0x00,0x00,0x00,0x00,0x00,0x00,0x00,0x00,0x00,0x00,0x00,
        0x00,0x00,0x00,0x00,0x00,0x00,0x00,0x00,0x00,0x00,0x00,0x00,0x00,0x00,0x00,0x00,
        0x00,0x00,0x00,0x00,0x00,0x00,0x00,0x00,0x00,0x00,0x00,0x00,0x00,0x00,0x00,0x00,
        0x00,0x00,0x00,0x00,0x00,0x00,0x00,0x00,0x00,0x00,0x00,0x00,0x00,0x00,0x00,0x00,
        0x00,0x00,0x00,0x00,0x00,0x00,0x00,0x00,0x00,0x00,0x00,0x00,0x00,0x00,0x00,0x00,
        0x00,0x00,0x00,0x00,0x00,0x00,0x00,0x00,0x00,0x00,0x00,0x00,0x00,0x00,0x00,0x00,
        0x00,0x00,0x00,0x00,0x00,0x00,0x00,0x00,0x00,0x00,0x00,0x00,0x00,0x00,0x00,0x00,
        0x00,0x00,0x00,0x00,0x00,0x00,0x00,0x00,0x00,0x00,0x00,0x00,0x00,0x00,0x00,0x00,
        0x00,0x00,0x00,0x00,0x00,0x00,0x00,0x00,0x00,0x00,0x00,0x00,0x00,0x00,0x00,0x00,
        0x00,0x00,0x00,0x00,0x00,0x00,0x00,0x00,0x00,0x00,0x00,0x00,0x00,0x00,0x00,0x00,
        0x00,0x00,0x00,0x00,0x00,0x00,0x00,0x00,0x00,0x00,0x00,0x00,0x00,0x00,0x00,0x00,
        0x00,0x00,0x00,0x00,0x00,0x00,0x00,0x00,0x00,0x00,0x00,0x00,0x00,0x00,0x00,0x00,
        0x00,0x00,0x00,0x00,0x00,0x00,0x00,0x00,0x00,0x00,0x00,0x00,0x00,0x00,0x00,0x00,
        0x00,0x00,0x00,0x00,0x00,0x00,0x00,0x00,0x00,0x00,0x00,0x00,0x00,0x00,0x00,0x00,
        0x00,0x00,0x00,0x00,0x00,0x00,0x00,0x00,0x00,0x00,0x00,0x00,0x00,0x00,0x00,0x00,
        0x00,0x00,0x00,0x00,0x00,0x00,0x00,0x00,0x00,0x00,0x00,0x00,0x00,0x00,0x00,0x00,
        0x00,0x00,0x00,0x00,0x00,0x00,0x00,0x00,0x00,0x00,0x00,0x00,0x00,0x00,0x00,0x00,
        0x00,0x00,0x00,0x00,0x00,0x00,0x00,0x00,0x00,0x00,0x00,0x00,0x00,0x00,0x00,0x00,
        0x00,0x00,0x00,0x00,0x00,0x00,0x00,0x00,0x00,0x00,0x00,0x00,0x00,0x00,0x00,0x00,
        0x00,0x00,0x00,0x00,0x00,0x00,0x00,0x00,0x00,0x00,0x00,0x00,0x00,0x00,0x00,0x00,
        0x00,0x00,0x00,0x00,0x00,0x00,0x00,0x00,0x00,0x00,0x00,0x00,0x00,0x00,0x00,0x00,
        0x00,0x00,0x00,0x00,0x00,0x00,0x00,0x00,0x00,0x00,0x00,0x00,0x00,0x00,0x00,0x00,
        0x00,0x00,0x00,0x00,0x00,0x00,0x00,0x00,0x00,0x00,0x00,0x00,0x00,0x00,0x00,0x00,
        0x00,0x00,0x00,0x00,0x00,0x00,0x00,0x00,0x00,0x00,0x00,0x00,0x00,0x00,0x00,0x00,
        0x00,0x00,0x00,0x00,0x00,0x00,0x00,0x00,0x00,0x00,0x00,0x00,0x00,0x00,0x00,0x00,
        0x00,0x00,0x00,0x00,0x00,0x00,0x00,0x00,0x00,0x00,0x00,0x00,0x00,0x00,0x00,0x00,
        0x00,0x00,0x00,0x00,0x00,0x00,0x00,0x00,0x00,0x00,0x00,0x00,0x00,0x00,0x00,0x00,
        0x00,0x00,0x00,0x00,0x00,0x00,0x00,0x00,0x00,0x00,0x00,0x00,0x00,0x00,0x00,0x00,
        0x00,0x00,0x00,0x00,0x00,0x00,0x00,0x00,0x00,0x00,0x00,0x00,0x00,0x00,0x00,0x00,
        0x00,0x00,0x00,0x00,0x00,0x00,0x00,0x00,0x00,0x00,0x00,0x00,0x00,0x00,0x00,0x00,
        0x00,0x00,0x00,0x00,0x00,0x00,0x00,0x00,0x00,0x00,0x00,0x00,0x00,0x00,0x00,0x00,
        0x00,0x00,0x00,0x00,0x00,0x00,0x00,0x00,0x00,0x00,0x00,0x00,0x00,0x00,0x00,0x00,
        0x00,0x00,0x00,0x00,0x00,0x00,0x00,0x00,0x00,0x00,0x00,0x00,0x00,0x00,0x00,0x00,
        0x00,0x00,0x00,0x00,0x00,0x00,0x00,0x00,0x00,0x00,0x00,0x00,0x00,0x00,0x00,0x00,
        0x00,0x00,0x00,0x00,0x00,0x00,0x00,0x00,0x00,0x00,0x00,0x00,0x00,0x00,0x00,0x00,
        0x00,0x00,0x00,0x00,0x00,0x00,0x00,0x00,0x00,0x00,0x00,0x00,0x00,0x00,0x00,0x00,
        0x00,0x00,0x00,0x00,0x00,0x00,0x00,0x00,0x00,0x00,0x00,0x00,0x00,0x00,0x00,0x00,
        0x00,0x00,0x00,0x00,0x00,0x00,0x00,0x00,0x00,0x00,0x00,0x00,0x00,0x00,0x00,0x00,
        0x00,0x00,0x00,0x00,0x00,0x00,0x00,0x00,0x00,0x00,0x00,0x00,0x00,0x00,0x00,0x00,
        0x00,0x00,0x00,0x00,0x00,0x00,0x00,0x00,0x00,0x00,0x00,0x00,0x00,0x00,0x00,0x00,
        0x00,0x00,0x00,0x00,0x00,0x00,0x00,0x00,0x00,0x00,0x00,0x00,0x00,0x00,0x00,0x00,
        0x00,0x00,0x00,0x00,0x00,0x00,0x00,0x00,0x00,0x00,0x00,0x00,0x00,0x00,0x00,0x00,
        0x00,0x00,0x00,0x00,0x00,0x00,0x00,0x00,0x00,0x00,0x00,0x00,0x00,0x00,0x00,0x00,
        0x00,0x00,0x00,0x00,0x00,0x00,0x00,0x00,0x00,0x00,0x00,0x00,0x00,0x00,0x00,0x00,
        0x00,0x00,0x00,0x00,0x00,0x00,0x00,0x00,0x00,0x00,0x00,0x00,0x00,0x00,0x00,0x00,
        0x60,0x25,0x25,0x30,0x60,0x22,0x25,0x8f,0x60,0x22,0x25,0x8f,0x60,0x30,0x30,0x10,
        0x00,0x00,0x00,0x00,0x00,0x00,0x00,0x00,0x00,0x00,0x00,0x00,0x00,0x00,0x00,0x00,
        0x00,0x00,0x00,0x00,0x00,0x00,0x00,0x00,0x00,0x00,0x00,0x00,0x00,0x00,0x00,0x00,
        0x00,0x00,0x00,0x00,0x00,0x00,0x00,0x00,0x00,0x00,0x00,0x00,0x00,0x00,0x00,0x00,
        0x00,0x00,0x00,0x00,0x00,0x00,0x00,0x00,0x00,0x00,0x00,0x00,0x00,0x00,0x00,0x00,
        0x00,0x00,0x00,0x00,0x00,0x00,0x00,0x00,0x00,0x00,0x00,0x00,0x00,0x00,0x00,0x00,
        0x00,0x00,0x00,0x00,0x00,0x00,0x00,0x00,0x00,0x00,0x00,0x00,0x00,0x00,0x00,0x00,
        0x00,0x00,0x00,0x00,0x00,0x00,0x00,0x00,0x00,0x00,0x00,0x00,0x00,0x00,0x00,0x00,
        0x00,0x00,0x00,0x00,0x00,0x00,0x00,0x00,0x00,0x00,0x00,0x00,0x00,0x00,0x00,0x00,
        0x00,0x00,0x00,0x00,0x00,0x00,0x00,0x00,0x00,0x00,0x00,0x00,0x00,0x00,0x00,0x00,
        0x00,0x00,0x00,0x00,0x00,0x00,0x00,0x00,0x00,0x00,0x00,0x00,0x00,0x00,0x00,0x00,
        0x00,0x00,0x00,0x00,0x00,0x00,0x00,0x00,0x00,0x00,0x00,0x00,0x00,0x00,0x00,0x00,
        0x00,0x00,0x00,0x00,0x00,0x00,0x00,0x00,0x00,0x00,0x00,0x00,0x00,0x00,0x00,0x00,
        0x00,0x00,0x00,0x00,0x00,0x00,0x00,0x00,0x00,0x00,0x00,0x00,0x00,0x00,0x00,0x00,
        0x00,0x00,0x00,0x00,0x00,0x00,0x00,0x00,0x00,0x00,0x00,0x00,0x00,0x00,0x00,0x00,
        0x00,0x00,0x00,0x00,0x00,0x00,0x00,0x00,0x00,0x00,0x00,0x00,0x60,0x23,0x26,0x50,
        0x5f,0x21,0x24,0xef,0x5f,0x21,0x24,0xff,0x5f,0x21,0x24,0xff,0x5f,0x21,0x25,0xcf,
        0x00,0x00,0x00,0x00,0x00,0x00,0x00,0x00,0x00,0x00,0x00,0x00,0x00,0x00,0x00,0x00,
        0x00,0x00,0x00,0x00,0x00,0x00,0x00,0x00,0x00,0x00,0x00,0x00,0x00,0x00,0x00,0x00,
        0x00,0x00,0x00,0x00,0x00,0x00,0x00,0x00,0x00,0x00,0x00,0x00,0x00,0x00,0x00,0x00,
        0x00,0x00,0x00,0x00,0x00,0x00,0x00,0x00,0x00,0x00,0x00,0x00,0x00,0x00,0x00,0x00,
        0x00,0x00,0x00,0x00,0x00,0x00,0x00,0x00,0x00,0x00,0x00,0x00,0x00,0x00,0x00,0x00,
        0x00,0x00,0x00,0x00,0x00,0x00,0x00,0x00,0x00,0x00,0x00,0x00,0x00,0x00,0x00,0x00,
        0x00,0x00,0x00,0x00,0x00,0x00,0x00,0x00,0x00,0x00,0x00,0x00,0x00,0x00,0x00,0x00,
        0x00,0x00,0x00,0x00,0x00,0x00,0x00,0x00,0x00,0x00,0x00,0x00,0x00,0x00,0x00,0x00,
        0x00,0x00,0x00,0x00,0x00,0x00,0x00,0x00,0x00,0x00,0x00,0x00,0x00,0x00,0x00,0x00,
        0x00,0x00,0x00,0x00,0x00,0x00,0x00,0x00,0x00,0x00,0x00,0x00,0x00,0x00,0x00,0x00,
        0x00,0x00,0x00,0x00,0x00,0x00,0x00,0x00,0x00,0x00,0x00,0x00,0x00,0x00,0x00,0x00,
        0x00,0x00,0x00,0x00,0x00,0x00,0x00,0x00,0x00,0x00,0x00,0x00,0x00,0x00,0x00,0x00,
        0x00,0x00,0x00,0x00,0x00,0x00,0x00,0x00,0x00,0x00,0x00,0x00,0x00,0x00,0x00,0x00,
        0x00,0x00,0x00,0x00,0x00,0x00,0x00,0x00,0x00,0x00,0x00,0x00,0x00,0x00,0x00,0x00,
        0x00,0x00,0x00,0x00,0x00,0x00,0x00,0x00,0x60,0x23,0x25,0x60,0x5f,0x21,0x24,0xff,
        0x5f,0x21,0x24,0xff,0x5f,0x21,0x24,0xff,0x5f,0x21,0x24,0xff,0x5f,0x21,0x24,0xff,
        0x60,0x22,0x24,0x80,0x00,0x00,0x00,0x00,0x00,0x00,0x00,0x00,0x00,0x00,0x00,0x00,
        0x00,0x00,0x00,0x00,0x00,0x00,0x00,0x00,0x00,0x00,0x00,0x00,0x00,0x00,0x00,0x00,
        0x00,0x00,0x00,0x00,0x00,0x00,0x00,0x00,0x00,0x00,0x00,0x00,0x00,0x00,0x00,0x00,
        0x00,0x00,0x00,0x00,0x00,0x00,0x00,0x00,0x00,0x00,0x00,0x00,0x00,0x00,0x00,0x00,
        0x00,0x00,0x00,0x00,0x00,0x00,0x00,0x00,0x00,0x00,0x00,0x00,0x00,0x00,0x00,0x00,
        0x00,0x00,0x00,0x00,0x00,0x00,0x00,0x00,0x00,0x00,0x00,0x00,0x00,0x00,0x00,0x00,
        0x00,0x00,0x00,0x00,0x00,0x00,0x00,0x00,0x00,0x00,0x00,0x00,0x00,0x00,0x00,0x00,
        0x00,0x00,0x00,0x00,0x00,0x00,0x00,0x00,0x00,0x00,0x00,0x00,0x00,0x00,0x00,0x00,
        0x00,0x00,0x00,0x00,0x00,0x00,0x00,0x00,0x00,0x00,0x00,0x00,0x00,0x00,0x00,0x00,
        0x00,0x00,0x00,0x00,0x00,0x00,0x00,0x00,0x00,0x00,0x00,0x00,0x00,0x00,0x00,0x00,
        0x00,0x00,0x00,0x00,0x00,0x00,0x00,0x00,0x00,0x00,0x00,0x00,0x00,0x00,0x00,0x00,
        0x00,0x00,0x00,0x00,0x00,0x00,0x00,0x00,0x00,0x00,0x00,0x00,0x00,0x00,0x00,0x00,
        0x00,0x00,0x00,0x00,0x00,0x00,0x00,0x00,0x00,0x00,0x00,0x00,0x00,0x00,0x00,0x00,
        0x00,0x00,0x00,0x00,0x00,0x00,0x00,0x00,0x00,0x00,0x00,0x00,0x00,0x00,0x00,0x00,
        0x00,0x00,0x00,0x00,0x60,0x22,0x24,0x7f,0x5f,0x21,0x24,0xff,0x5f,0x21,0x24,0xff,
        0x5f,0x21,0x24,0xff,0x5f,0x21,0x24,0xff,0x5f,0x21,0x24,0xff,0x5f,0x21,0x24,0xff,
        0x5f,0x21,0x24,0xef,0x60,0x28,0x28,0x20,0x00,0x00,0x00,0x00,0x00,0x00,0x00,0x00,
        0x00,0x00,0x00,0x00,0x00,0x00,0x00,0x00,0x00,0x00,0x00,0x00,0x00,0x00,0x00,0x00,
        0x00,0x00,0x00,0x00,0x00,0x00,0x00,0x00,0x00,0x00,0x00,0x00,0x00,0x00,0x00,0x00,
        0x00,0x00,0x00,0x00,0x00,0x00,0x00,0x00,0x00,0x00,0x00,0x00,0x00,0x00,0x00,0x00,
        0x00,0x00,0x00,0x00,0x00,0x00,0x00,0x00,0x00,0x00,0x00,0x00,0x00,0x00,0x00,0x00,
        0x00,0x00,0x00,0x00,0x00,0x00,0x00,0x00,0x00,0x00,0x00,0x00,0x00,0x00,0x00,0x00,
        0x00,0x00,0x00,0x00,0x00,0x00,0x00,0x00,0x00,0x00,0x00,0x00,0x00,0x00,0x00,0x00,
        0x00,0x00,0x00,0x00,0x00,0x00,0x00,0x00,0x00,0x00,0x00,0x00,0x00,0x00,0x00,0x00,
        0x00,0x00,0x00,0x00,0x00,0x00,0x00,0x00,0x00,0x00,0x00,0x00,0x00,0x00,0x00,0x00,
        0x00,0x00,0x00,0x00,0x00,0x00,0x00,0x00,0x00,0x00,0x00,0x00,0x00,0x00,0x00,0x00,
        0x00,0x00,0x00,0x00,0x00,0x00,0x00,0x00,0x00,0x00,0x00,0x00,0x00,0x00,0x00,0x00,
        0x00,0x00,0x00,0x00,0x00,0x00,0x00,0x00,0x00,0x00,0x00,0x00,0x00,0x00,0x00,0x00,
        0x00,0x00,0x00,0x00,0x00,0x00,0x00,0x00,0x00,0x00,0x00,0x00,0x00,0x00,0x00,0x00,
        0x00,0x00,0x00,0x00,0x00,0x00,0x00,0x00,0x00,0x00,0x00,0x00,0x00,0x00,0x00,0x00,
        0x60,0x22,0x25,0x9f,0x5f,0x21,0x24,0xff,0x5f,0x21,0x24,0xff,0x5f,0x21,0x24,0xff,
        0x5f,0x21,0x24,0xff,0x5f,0x21,0x24,0xff,0x5f,0x21,0x24,0xff,0x5f,0x21,0x24,0xff,
        0x5f,0x21,0x24,0xff,0x60,0x21,0x25,0xa0,0x00,0x00,0x00,0x00,0x00,0x00,0x00,0x00,
        0x00,0x00,0x00,0x00,0x00,0x00,0x00,0x00,0x00,0x00,0x00,0x00,0x00,0x00,0x00,0x00,
        0x00,0x00,0x00,0x00,0x00,0x00,0x00,0x00,0x00,0x00,0x00,0x00,0x00,0x00,0x00,0x00,
        0x00,0x00,0x00,0x00,0x00,0x00,0x00,0x00,0x00,0x00,0x00,0x00,0x00,0x00,0x00,0x00,
        0x00,0x00,0x00,0x00,0x00,0x00,0x00,0x00,0x00,0x00,0x00,0x00,0x00,0x00,0x00,0x00,
        0x00,0x00,0x00,0x00,0x00,0x00,0x00,0x00,0x00,0x00,0x00,0x00,0x00,0x00,0x00,0x00,
        0x00,0x00,0x00,0x00,0x00,0x00,0x00,0x00,0x00,0x00,0x00,0x00,0x00,0x00,0x00,0x00,
        0x00,0x00,0x00,0x00,0x00,0x00,0x00,0x00,0x00,0x00,0x00,0x00,0x00,0x00,0x00,0x00,
        0x00,0x00,0x00,0x00,0x00,0x00,0x00,0x00,0x00,0x00,0x00,0x00,0x00,0x00,0x00,0x00,
        0x00,0x00,0x00,0x00,0x00,0x00,0x00,0x00,0x00,0x00,0x00,0x00,0x00,0x00,0x00,0x00,
        0x00,0x00,0x00,0x00,0x00,0x00,0x00,0x00,0x00,0x00,0x00,0x00,0x00,0x00,0x00,0x00,
        0x00,0x00,0x00,0x00,0x00,0x00,0x00,0x00,0x00,0x00,0x00,0x00,0x00,0x00,0x00,0x00,
        0x00,0x00,0x00,0x00,0x00,0x00,0x00,0x00,0x00,0x00,0x00,0x00,0x00,0x00,0x00,0x00,
        0x00,0x00,0x00,0x00,0x00,0x00,0x00,0x00,0x60,0x30,0x30,0x10,0x60,0x22,0x25,0x9f,
        0x5f,0x21,0x24,0xff,0x5f,0x21,0x24,0xff,0x5f,0x21,0x24,0xff,0x5f,0x21,0x24,0xff,
        0x5f,0x21,0x24,0xff,0x5f,0x21,0x24,0xff,0x5f,0x21,0x24,0xff,0x5f,0x21,0x24,0xff,
        0x5f,0x21,0x24,0xff,0x5f,0x21,0x24,0xff,0x60,0x24,0x24,0x40,0x00,0x00,0x00,0x00,
        0x00,0x00,0x00,0x00,0x00,0x00,0x00,0x00,0x00,0x00,0x00,0x00,0x00,0x00,0x00,0x00,
        0x00,0x00,0x00,0x00,0x00,0x00,0x00,0x00,0x00,0x00,0x00,0x00,0x00,0x00,0x00,0x00,
        0x00,0x00,0x00,0x00,0x00,0x00,0x00,0x00,0x00,0x00,0x00,0x00,0x00,0x00,0x00,0x00,
        0x00,0x00,0x00,0x00,0x00,0x00,0x00,0x00,0x00,0x00,0x00,0x00,0x00,0x00,0x00,0x00,
        0x00,0x00,0x00,0x00,0x00,0x00,0x00,0x00,0x00,0x00,0x00,0x00,0x00,0x00,0x00,0x00,
        0x00,0x00,0x00,0x00,0x00,0x00,0x00,0x00,0x00,0x00,0x00,0x00,0x00,0x00,0x00,0x00,
        0x00,0x00,0x00,0x00,0x00,0x00,0x00,0x00,0x00,0x00,0x00,0x00,0x00,0x00,0x00,0x00,
        0x00,0x00,0x00,0x00,0x00,0x00,0x00,0x00,0x00,0x00,0x00,0x00,0x00,0x00,0x00,0x00,
        0x00,0x00,0x00,0x00,0x00,0x00,0x00,0x00,0x00,0x00,0x00,0x00,0x00,0x00,0x00,0x00,
        0x00,0x00,0x00,0x00,0x00,0x00,0x00,0x00,0x00,0x00,0x00,0x00,0x00,0x00,0x00,0x00,
        0x00,0x00,0x00,0x00,0x00,0x00,0x00,0x00,0x00,0x00,0x00,0x00,0x00,0x00,0x00,0x00,
        0x00,0x00,0x00,0x00,0x00,0x00,0x00,0x00,0x00,0x00,0x00,0x00,0x00,0x00,0x00,0x00,
        0x00,0x00,0x00,0x00,0x00,0x00,0x00,0x00,0x60,0x22,0x25,0x90,0x5f,0x21,0x24,0xff,
        0x5f,0x21,0x24,0xff,0x5f,0x21,0x24,0xff,0x5f,0x21,0x24,0xff,0x5f,0x21,0x24,0xff,
        0x5f,0x21,0x24,0xff,0x5f,0x21,0x24,0xff,0x5f,0x21,0x24,0xff,0x5f,0x21,0x24,0xff,
        0x5f,0x21,0x24,0xff,0x5f,0x21,0x24,0xff,0x5f,0x21,0x24,0xbf,0x00,0x00,0x00,0x00,
        0x00,0x00,0x00,0x00,0x00,0x00,0x00,0x00,0x00,0x00,0x00,0x00,0x00,0x00,0x00,0x00,
        0x00,0x00,0x00,0x00,0x00,0x00,0x00,0x00,0x00,0x00,0x00,0x00,0x00,0x00,0x00,0x00,
        0x00,0x00,0x00,0x00,0x00,0x00,0x00,0x00,0x00,0x00,0x00,0x00,0x00,0x00,0x00,0x00,
        0x00,0x00,0x00,0x00,0x00,0x00,0x00,0x00,0x00,0x00,0x00,0x00,0x00,0x00,0x00,0x00,
        0x00,0x00,0x00,0x00,0x00,0x00,0x00,0x00,0x00,0x00,0x00,0x00,0x00,0x00,0x00,0x00,
        0x00,0x00,0x00,0x00,0x00,0x00,0x00,0x00,0x00,0x00,0x00,0x00,0x00,0x00,0x00,0x00,
        0x00,0x00,0x00,0x00,0x00,0x00,0x00,0x00,0x00,0x00,0x00,0x00,0x00,0x00,0x00,0x00,
        0x00,0x00,0x00,0x00,0x00,0x00,0x00,0x00,0x00,0x00,0x00,0x00,0x00,0x00,0x00,0x00,
        0x00,0x00,0x00,0x00,0x00,0x00,0x00,0x00,0x00,0x00,0x00,0x00,0x00,0x00,0x00,0x00,
        0x00,0x00,0x00,0x00,0x00,0x00,0x00,0x00,0x00,0x00,0x00,0x00,0x00,0x00,0x00,0x00,
        0x00,0x00,0x00,0x00,0x00,0x00,0x00,0x00,0x00,0x00,0x00,0x00,0x00,0x00,0x00,0x00,
        0x00,0x00,0x00,0x00,0x00,0x00,0x00,0x00,0x00,0x00,0x00,0x00,0x00,0x00,0x00,0x00,
        0x00,0x00,0x00,0x00,0x60,0x23,0x26,0x50,0x5f,0x21,0x24,0xff,0x5f,0x21,0x24,0xff,
        0x5f,0x21,0x24,0xff,0x5f,0x21,0x24,0xff,0x5f,0x21,0x24,0xff,0x5f,0x21,0x24,0xff,
        0x5f,0x21,0x24,0xff,0x5f,0x21,0x24,0xff,0x5f,0x21,0x24,0xff,0x5f,0x21,0x24,0xff,
        0x5f,0x21,0x24,0xff,0x5f,0x21,0x24,0xff,0x5f,0x21,0x24,0xff,0x60,0x23,0x25,0x60,
        0x00,0x00,0x00,0x00,0x00,0x00,0x00,0x00,0x00,0x00,0x00,0x00,0x00,0x00,0x00,0x00,
        0x00,0x00,0x00,0x00,0x00,0x00,0x00,0x00,0x00,0x00,0x00,0x00,0x00,0x00,0x00,0x00,
        0x00,0x00,0x00,0x00,0x00,0x00,0x00,0x00,0x00,0x00,0x00,0x00,0x00,0x00,0x00,0x00,
        0x00,0x00,0x00,0x00,0x00,0x00,0x00,0x00,0x00,0x00,0x00,0x00,0x00,0x00,0x00,0x00,
        0x00,0x00,0x00,0x00,0x00,0x00,0x00,0x00,0x00,0x00,0x00,0x00,0x00,0x00,0x00,0x00,
        0x00,0x00,0x00,0x00,0x00,0x00,0x00,0x00,0x00,0x00,0x00,0x00,0x00,0x00,0x00,0x00,
        0x00,0x00,0x00,0x00,0x00,0x00,0x00,0x00,0x00,0x00,0x00,0x00,0x00,0x00,0x00,0x00,
        0x00,0x00,0x00,0x00,0x00,0x00,0x00,0x00,0x00,0x00,0x00,0x00,0x00,0x00,0x00,0x00,
        0x00,0x00,0x00,0x00,0x00,0x00,0x00,0x00,0x00,0x00,0x00,0x00,0x00,0x00,0x00,0x00,
        0x00,0x00,0x00,0x00,0x00,0x00,0x00,0x00,0x00,0x00,0x00,0x00,0x00,0x00,0x00,0x00,
        0x00,0x00,0x00,0x00,0x00,0x00,0x00,0x00,0x00,0x00,0x00,0x00,0x00,0x00,0x00,0x00,
        0x00,0x00,0x00,0x00,0x00,0x00,0x00,0x00,0x00,0x00,0x00,0x00,0x00,0x00,0x00,0x00,
        0x60,0x28,0x28,0x20,0x5f,0x21,0x24,0xef,0x5f,0x21,0x24,0xff,0x5f,0x21,0x24,0xff,
        0x5f,0x21,0x24,0xff,0x5f,0x21,0x24,0xff,0x5f,0x21,0x24,0xff,0x5f,0x21,0x24,0xff,
        0x5f,0x21,0x24,0xff,0x5f,0x21,0x24,0xff,0x5f,0x21,0x24,0xff,0x5f,0x21,0x24,0xff,
        0x5f,0x21,0x24,0xff,0x5f,0x21,0x24,0xff,0x5f,0x21,0x24,0xff,0x5f,0x21,0x25,0xdf,
        0x60,0x30,0x30,0x10,0x00,0x00,0x00,0x00,0x00,0x00,0x00,0x00,0x00,0x00,0x00,0x00,
        0x00,0x00,0x00,0x00,0x00,0x00,0x00,0x00,0x00,0x00,0x00,0x00,0x00,0x00,0x00,0x00,
        0x00,0x00,0x00,0x00,0x00,0x00,0x00,0x00,0x00,0x00,0x00,0x00,0x00,0x00,0x00,0x00,
        0x00,0x00,0x00,0x00,0x00,0x00,0x00,0x00,0x00,0x00,0x00,0x00,0x00,0x00,0x00,0x00,
        0x00,0x00,0x00,0x00,0x00,0x00,0x00,0x00,0x00,0x00,0x00,0x00,0x00,0x00,0x00,0x00,
        0x00,0x00,0x00,0x00,0x00,0x00,0x00,0x00,0x00,0x00,0x00,0x00,0x00,0x00,0x00,0x00,
        0x00,0x00,0x00,0x00,0x00,0x00,0x00,0x00,0x00,0x00,0x00,0x00,0x00,0x00,0x00,0x00,
        0x00,0x00,0x00,0x00,0x00,0x00,0x00,0x00,0x00,0x00,0x00,0x00,0x00,0x00,0x00,0x00,
        0x00,0x00,0x00,0x00,0x00,0x00,0x00,0x00,0x00,0x00,0x00,0x00,0x00,0x00,0x00,0x00,
        0x00,0x00,0x00,0x00,0x00,0x00,0x00,0x00,0x00,0x00,0x00,0x00,0x00,0x00,0x00,0x00,
        0x00,0x00,0x00,0x00,0x00,0x00,0x00,0x00,0x00,0x00,0x00,0x00,0x00,0x00,0x00,0x00,
        0x00,0x00,0x00,0x00,0x00,0x00,0x00,0x00,0x00,0x00,0x00,0x00,0x00,0x00,0x00,0x00,
        0x5f,0x21,0x25,0xcf,0x5f,0x21,0x24,0xff,0x5f,0x21,0x24,0xff,0x5f,0x21,0x24,0xff,
        0x5f,0x21,0x24,0xff,0x5f,0x21,0x24,0xff,0x5f,0x21,0x24,0xff,0x5f,0x21,0x24,0xff,
        0x5f,0x21,0x24,0xff,0x5f,0x21,0x24,0xff,0x5f,0x21,0x24,0xff,0x5f,0x21,0x24,0xff,
        0x5f,0x21,0x24,0xff,0x5f,0x21,0x24,0xff,0x5f,0x21,0x24,0xff,0x5f,0x21,0x24,0xff,
        0x60,0x22,0x24,0x80,0x00,0x00,0x00,0x00,0x00,0x00,0x00,0x00,0x00,0x00,0x00,0x00,
        0x00,0x00,0x00,0x00,0x00,0x00,0x00,0x00,0x00,0x00,0x00,0x00,0x00,0x00,0x00,0x00,
        0x00,0x00,0x00,0x00,0x00,0x00,0x00,0x00,0x00,0x00,0x00,0x00,0x00,0x00,0x00,0x00,
        0x00,0x00,0x00,0x00,0x00,0x00,0x00,0x00,0x00,0x00,0x00,0x00,0x00,0x00,0x00,0x00,
        0x00,0x00,0x00,0x00,0x00,0x00,0x00,0x00,0x00,0x00,0x00,0x00,0x00,0x00,0x00,0x00,
        0x00,0x00,0x00,0x00,0x00,0x00,0x00,0x00,0x00,0x00,0x00,0x00,0x00,0x00,0x00,0x00,
        0x00,0x00,0x00,0x00,0x00,0x00,0x00,0x00,0x00,0x00,0x00,0x00,0x00,0x00,0x00,0x00,
        0x00,0x00,0x00,0x00,0x00,0x00,0x00,0x00,0x00,0x00,0x00,0x00,0x00,0x00,0x00,0x00,
        0x00,0x00,0x00,0x00,0x00,0x00,0x00,0x00,0x00,0x00,0x00,0x00,0x00,0x00,0x00,0x00,
        0x00,0x00,0x00,0x00,0x00,0x00,0x00,0x00,0x00,0x00,0x00,0x00,0x00,0x00,0x00,0x00,
        0x00,0x00,0x00,0x00,0x00,0x00,0x00,0x00,0x00,0x00,0x00,0x00,0x00,0x00,0x00,0x00,
        0x00,0x00,0x00,0x00,0x00,0x00,0x00,0x00,0x00,0x00,0x00,0x00,0x60,0x22,0x25,0x90,
        0x5f,0x21,0x24,0xff,0x5f,0x21,0x24,0xff,0x5f,0x21,0x24,0xff,0x5f,0x21,0x24,0xff,
        0x5f,0x21,0x24,0xff,0x5f,0x21,0x24,0xff,0x5f,0x21,0x24,0xff,0x5f,0x21,0x24,0xff,
        0x5f,0x21,0x24,0xff,0x5f,0x21,0x24,0xff,0x5f,0x21,0x24,0xff,0x5f,0x21,0x24,0xff,
        0x5f,0x21,0x24,0xff,0x5f,0x21,0x24,0xff,0x5f,0x21,0x24,0xff,0x5f,0x21,0x24,0xff,
        0x5f,0x21,0x24,0xff,0x60,0x28,0x28,0x20,0x00,0x00,0x00,0x00,0x00,0x00,0x00,0x00,
        0x00,0x00,0x00,0x00,0x00,0x00,0x00,0x00,0x00,0x00,0x00,0x00,0x00,0x00,0x00,0x00,
        0x00,0x00,0x00,0x00,0x00,0x00,0x00,0x00,0x00,0x00,0x00,0x00,0x00,0x00,0x00,0x00,
        0x00,0x00,0x00,0x00,0x00,0x00,0x00,0x00,0x00,0x00,0x00,0x00,0x00,0x00,0x00,0x00,
        0x00,0x00,0x00,0x00,0x00,0x00,0x00,0x00,0x00,0x00,0x00,0x00,0x00,0x00,0x00,0x00,
        0x00,0x00,0x00,0x00,0x00,0x00,0x00,0x00,0x00,0x00,0x00,0x00,0x00,0x00,0x00,0x00,
        0x00,0x00,0x00,0x00,0x00,0x00,0x00,0x00,0x00,0x00,0x00,0x00,0x00,0x00,0x00,0x00,
        0x00,0x00,0x00,0x00,0x00,0x00,0x00,0x00,0x00,0x00,0x00,0x00,0x00,0x00,0x00,0x00,
        0x00,0x00,0x00,0x00,0x00,0x00,0x00,0x00,0x00,0x00,0x00,0x00,0x00,0x00,0x00,0x00,
        0x00,0x00,0x00,0x00,0x00,0x00,0x00,0x00,0x00,0x00,0x00,0x00,0x00,0x00,0x00,0x00,
        0x00,0x00,0x00,0x00,0x00,0x00,0x00,0x00,0x00,0x00,0x00,0x00,0x00,0x00,0x00,0x00,
        0x00,0x00,0x00,0x00,0x00,0x00,0x00,0x00,0x60,0x24,0x24,0x40,0x5f,0x21,0x24,0xff,
        0x5f,0x21,0x24,0xff,0x5f,0x21,0x24,0xff,0x5f,0x21,0x24,0xff,0x5f,0x21,0x24,0xff,
        0x5f,0x21,0x24,0xff,0x5f,0x21,0x24,0xff,0x5f,0x21,0x24,0xff,0x5f,0x21,0x24,0xff,
        0x5f,0x21,0x24,0xff,0x5f,0x21,0x24,0xff,0x5f,0x21,0x24,0xff,0x5f,0x21,0x24,0xff,
        0x5f,0x21,0x24,0xff,0x5f,0x21,0x24,0xff,0x5f,0x21,0x24,0xff,0x5f,0x21,0x24,0xff,
        0x5f,0x21,0x24,0xff,0x5f,0x22,0x24,0xaf,0x00,0x00,0x00,0x00,0x00,0x00,0x00,0x00,
        0x00,0x00,0x00,0x00,0x00,0x00,0x00,0x00,0x00,0x00,0x00,0x00,0x00,0x00,0x00,0x00,
        0x00,0x00,0x00,0x00,0x00,0x00,0x00,0x00,0x00,0x00,0x00,0x00,0x00,0x00,0x00,0x00,
        0x00,0x00,0x00,0x00,0x00,0x00,0x00,0x00,0x00,0x00,0x00,0x00,0x00,0x00,0x00,0x00,
        0x00,0x00,0x00,0x00,0x00,0x00,0x00,0x00,0x00,0x00,0x00,0x00,0x00,0x00,0x00,0x00,
        0x00,0x00,0x00,0x00,0x00,0x00,0x00,0x00,0x00,0x00,0x00,0x00,0x00,0x00,0x00,0x00,
        0x00,0x00,0x00,0x00,0x00,0x00,0x00,0x00,0x00,0x00,0x00,0x00,0x00,0x00,0x00,0x00,
        0x00,0x00,0x00,0x00,0x00,0x00,0x00,0x00,0x00,0x00,0x00,0x00,0x00,0x00,0x00,0x00,
        0x00,0x00,0x00,0x00,0x00,0x00,0x00,0x00,0x00,0x00,0x00,0x00,0x00,0x00,0x00,0x00,
        0x00,0x00,0x00,0x00,0x00,0x00,0x00,0x00,0x00,0x00,0x00,0x00,0x00,0x00,0x00,0x00,
        0x00,0x00,0x00,0x00,0x00,0x00,0x00,0x00,0x00,0x00,0x00,0x00,0x00,0x00,0x00,0x00,
        0x00,0x00,0x00,0x00,0x00,0x00,0x00,0x00,0x5f,0x21,0x24,0xbf,0x5f,0x21,0x24,0xff,
        0x5f,0x21,0x24,0xff,0x5f,0x21,0x24,0xff,0x5f,0x21,0x24,0xff,0x5f,0x21,0x24,0xff,
        0x5f,0x21,0x24,0xff,0x5f,0x21,0x24,0xff,0x5f,0x21,0x24,0xff,0x5f,0x21,0x24,0xff,
        0x5f,0x21,0x24,0xff,0x5f,0x21,0x24,0xff,0x5f,0x21,0x24,0xff,0x5f,0x21,0x24,0xff,
        0x5f,0x21,0x24,0xff,0x5f,0x21,0x24,0xff,0x5f,0x21,0x24,0xff,0x5f,0x21,0x24,0xff,
        0x5f,0x21,0x24,0xff,0x5f,0x21,0x24,0xff,0x60,0x24,0x24,0x40,0x00,0x00,0x00,0x00,
        0x00,0x00,0x00,0x00,0x00,0x00,0x00,0x00,0x00,0x00,0x00,0x00,0x00,0x00,0x00,0x00,
        0x00,0x00,0x00,0x00,0xcf,0x80,0x20,0x10,0xc6,0x82,0x18,0x3f,0xc5,0x81,0x16,0x7f,
        0xc5,0x81,0x16,0x7f,0xc5,0x81,0x16,0x7f,0xc5,0x81,0x16,0x7f,0xc5,0x81,0x16,0x7f,
        0xc5,0x81,0x17,0x4f,0xc7,0x80,0x18,0x20,0x00,0x00,0x00,0x00,0x00,0x00,0x00,0x00,
        0x00,0x00,0x00,0x00,0x00,0x00,0x00,0x00,0x00,0x00,0x00,0x00,0x00,0x00,0x00,0x00,
        0x00,0x00,0x00,0x00,0x00,0x00,0x00,0x00,0x00,0x00,0x00,0x00,0x00,0x00,0x00,0x00,
        0x00,0x00,0x00,0x00,0x00,0x00,0x00,0x00,0x00,0x00,0x00,0x00,0x00,0x00,0x00,0x00,
        0x00,0x00,0x00,0x00,0x00,0x00,0x00,0x00,0x00,0x00,0x00,0x00,0x00,0x00,0x00,0x00,
        0x00,0x00,0x00,0x00,0x00,0x00,0x00,0x00,0x00,0x00,0x00,0x00,0x00,0x00,0x00,0x00,
        0x00,0x00,0x00,0x00,0x00,0x00,0x00,0x00,0x00,0x00,0x00,0x00,0x00,0x00,0x00,0x00,
        0x00,0x00,0x00,0x00,0x60,0x25,0x25,0x30,0x5f,0x21,0x24,0xff,0x5f,0x21,0x24,0xff,
        0x5f,0x21,0x24,0xff,0x5f,0x21,0x24,0xff,0x5f,0x21,0x24,0xff,0x5f,0x21,0x24,0xff,
        0x5f,0x21,0x24,0xff,0x5f,0x21,0x24,0xff,0x5f,0x21,0x24,0xff,0x5f,0x21,0x24,0xff,
        0x5f,0x21,0x24,0xff,0x5f,0x21,0x24,0xff,0x5f,0x21,0x24,0xff,0x5f,0x21,0x24,0xff,
        0x5f,0x21,0x24,0xff,0x5f,0x21,0x24,0xff,0x5f,0x21,0x24,0xff,0x5f,0x21,0x24,0xff,
        0x5f,0x21,0x24,0xff,0x5f,0x21,0x24,0xff,0x5f,0x21,0x25,0xcf,0x00,0x00,0x00,0x00,
        0x00,0x00,0x00,0x00,0x00,0x00,0x00,0x00,0x00,0x00,0x00,0x00,0xcf,0x80,0x20,0x10,
        0xc4,0x7f,0x15,0xbf,0xc4,0x7f,0x15,0xff,0xc4,0x7f,0x15,0xff,0xc4,0x7f,0x15,0xff,
        0xc4,0x7f,0x15,0xff,0xc4,0x7f,0x15,0xff,0xc4,0x7f,0x15,0xff,0xc4,0x7f,0x15,0xff,
        0xc4,0x7f,0x15,0xff,0xc4,0x7f,0x15,0xff,0xc4,0x7f,0x16,0xdf,0xc5,0x80,0x15,0x30,
        0x00,0x00,0x00,0x00,0x00,0x00,0x00,0x00,0x00,0x00,0x00,0x00,0x00,0x00,0x00,0x00,
        0xb7,0x68,0x18,0x20,0xb7,0x67,0x13,0x9f,0xb7,0x66,0x14,0x7f,0xbf,0x70,0x20,0x10,
        0x00,0x00,0x00,0x00,0x00,0x00,0x00,0x00,0x00,0x00,0x00,0x00,0x00,0x00,0x00,0x00,
        0x00,0x00,0x00,0x00,0x00,0x00,0x00,0x00,0x00,0x00,0x00,0x00,0x00,0x00,0x00,0x00,
        0x00,0x00,0x00,0x00,0x00,0x00,0x00,0x00,0x00,0x00,0x00,0x00,0x00,0x00,0x00,0x00,
        0x00,0x00,0x00,0x00,0x00,0x00,0x00,0x00,0x00,0x00,0x00,0x00,0x00,0x00,0x00,0x00,
        0x00,0x00,0x00,0x00,0x60,0x21,0x25,0xa0,0x5f,0x21,0x24,0xff,0x5f,0x21,0x24,0xff,
        0x5f,0x21,0x24,0xff,0x5f,0x21,0x24,0xff,0x5f,0x21,0x24,0xff,0x5f,0x21,0x24,0xff,
        0x5f,0x21,0x24,0xff,0x5f,0x21,0x24,0xff,0x5f,0x21,0x24,0xff,0x5f,0x21,0x24,0xff,
        0x5f,0x21,0x24,0xff,0x5f,0x21,0x24,0xff,0x5f,0x21,0x24,0xff,0x5f,0x21,0x24,0xff,
        0x5f,0x21,0x24,0xff,0x5f,0x21,0x24,0xff,0x5f,0x21,0x24,0xff,0x5f,0x21,0x24,0xff,
        0x5f,0x21,0x24,0xff,0x5f,0x21,0x24,0xff,0x5f,0x21,0x24,0xff,0x60,0x23,0x25,0x60,
        0x00,0x00,0x00,0x00,0x00,0x00,0x00,0x00,0x00,0x00,0x00,0x00,0xc4,0x80,0x16,0xa0,
        0xc4,0x7f,0x15,0xff,0xc4,0x7f,0x15,0xff,0xc4,0x7f,0x15,0xff,0xc4,0x7f,0x15,0xff,
        0xc4,0x7f,0x15,0xff,0xc4,0x7f,0x15,0xff,0xc4,0x7f,0x15,0xff,0xc4,0x7f,0x15,0xff,
        0xc4,0x7f,0x15,0xff,0xc4,0x7f,0x15,0xff,0xc4,0x7f,0x15,0xff,0xc4,0x7f,0x16,0xdf,
        0x00,0x00,0x00,0x00,0x00,0x00,0x00,0x00,0x00,0x00,0x00,0x00,0xb7,0x68,0x18,0x20,
        0xb6,0x66,0x13,0xef,0xb7,0x66,0x13,0xff,0xb7,0x66,0x13,0xff,0xb6,0x66,0x14,0xcf,
        0xbf,0x70,0x20,0x10,0x00,0x00,0x00,0x00,0x00,0x00,0x00,0x00,0x00,0x00,0x00,0x00,
        0x00,0x00,0x00,0x00,0x00,0x00,0x00,0x00,0x00,0x00,0x00,0x00,0x00,0x00,0x00,0x00,
        0x00,0x00,0x00,0x00,0x00,0x00,0x00,0x00,0x00,0x00,0x00,0x00,0x00,0x00,0x00,0x00,
        0x00,0x00,0x00,0x00,0x00,0x00,0x00,0x00,0x00,0x00,0x00,0x00,0x00,0x00,0x00,0x00,
        0x60,0x28,0x28,0x20,0x5f,0x21,0x24,0xff,0x5f,0x21,0x24,0xff,0x5f,0x21,0x24,0xff,
        0x5f,0x21,0x24,0xff,0x5f,0x21,0x24,0xff,0x5f,0x21,0x24,0xff,0x5f,0x21,0x24,0xff,
        0x5f,0x21,0x24,0xff,0x5f,0x21,0x24,0xff,0x5f,0x21,0x24,0xff,0x5f,0x21,0x24,0xff,
        0x5f,0x21,0x24,0xff,0x5f,0x21,0x24,0xff,0x5f,0x21,0x24,0xff,0x5f,0x21,0x24,0xff,
        0x5f,0x21,0x24,0xff,0x5f,0x21,0x24,0xff,0x5f,0x21,0x24,0xff,0x5f,0x21,0x24,0xff,
        0x5f,0x21,0x24,0xff,0x5f,0x21,0x24,0xff,0x5f,0x21,0x24,0xff,0x5f,0x21,0x24,0xef,
        0x60,0x30,0x30,0x10,0x00,0x00,0x00,0x00,0x00,0x00,0x00,0x00,0xc4,0x80,0x16,0xb0,
        0xc4,0x7f,0x15,0xff,0xc4,0x7f,0x15,0xff,0xc4,0x7f,0x15,0xff,0xc4,0x7f,0x15,0xff,
        0xc4,0x7f,0x15,0xff,0xc4,0x7f,0x15,0xff,0xc4,0x7f,0x15,0xff,0xc4,0x7f,0x15,0xff,
        0xc4,0x7f,0x15,0xff,0xc4,0x7f,0x15,0xff,0xc4,0x7f,0x15,0xff,0xc4,0x7f,0x15,0xff,
        0x00,0x00,0x00,0x00,0x00,0x00,0x00,0x00,0x00,0x00,0x00,0x00,0xb7,0x67,0x14,0xbf,
        0xb7,0x66,0x13,0xff,0xb7,0x66,0x13,0xff,0xb7,0x66,0x13,0xff,0xb7,0x66,0x13,0xff,
        0xb6,0x66,0x14,0xcf,0xbf,0x70,0x20,0x10,0x00,0x00,0x00,0x00,0x00,0x00,0x00,0x00,
        0x00,0x00,0x00,0x00,0x00,0x00,0x00,0x00,0x00,0x00,0x00,0x00,0x00,0x00,0x00,0x00,
        0x00,0x00,0x00,0x00,0x00,0x00,0x00,0x00,0x00,0x00,0x00,0x00,0x00,0x00,0x00,0x00,
        0x00,0x00,0x00,0x00,0x00,0x00,0x00,0x00,0x00,0x00,0x00,0x00,0x00,0x00,0x00,0x00,
        0x60,0x22,0x24,0x80,0x5f,0x21,0x24,0xff,0x5f,0x21,0x24,0xff,0x5f,0x21,0x24,0xff,
        0x5f,0x21,0x24,0xff,0x5f,0x21,0x24,0xff,0x5f,0x21,0x24,0xff,0x5f,0x21,0x24,0xff,
        0x5f,0x21,0x24,0xff,0x5f,0x21,0x24,0xff,0x5f,0x21,0x24,0xff,0x5f,0x21,0x24,0xff,
        0x5f,0x21,0x24,0xff,0x5f,0x21,0x24,0xff,0x5f,0x21,0x24,0xff,0x5f,0x21,0x24,0xff,
        0x5f,0x21,0x24,0xff,0x5f,0x21,0x24,0xff,0x5f,0x21,0x24,0xff,0x5f,0x21,0x24,0xff,
        0x5f,0x21,0x24,0xff,0x5f,0x21,0x24,0xff,0x5f,0x21,0x24,0xff,0x5f,0x21,0x24,0xff,
        0x60,0x22,0x25,0x90,0x00,0x00,0x00,0x00,0x00,0x00,0x00,0x00,0xc5,0x80,0x15,0x60,
        0xc4,0x7f,0x15,0xff,0xc4,0x7f,0x15,0xff,0xc4,0x7f,0x15,0xff,0xc4,0x7f,0x15,0xff,
        0xc4,0x7f,0x15,0xff,0xc4,0x7f,0x15,0xff,0xc4,0x7f,0x15,0xff,0xc4,0x7f,0x15,0xff,
        0xc4,0x7f,0x15,0xff,0xc4,0x7f,0x15,0xff,0xc4,0x7f,0x15,0xff,0xc4,0x80,0x16,0xa0,
        0x00,0x00,0x00,0x00,0x00,0x00,0x00,0x00,0xb7,0x68,0x14,0x40,0xb7,0x66,0x13,0xff,
        0xb7,0x66,0x13,0xff,0xb7,0x66,0x13,0xff,0xb7,0x66,0x13,0xff,0xb7,0x66,0x13,0xff,
        0xb7,0x66,0x13,0xff,0xb6,0x66,0x14,0xcf,0x00,0x00,0x00,0x00,0x00,0x00,0x00,0x00,
        0x00,0x00,0x00,0x00,0x00,0x00,0x00,0x00,0x00,0x00,0x00,0x00,0x00,0x00,0x00,0x00,
        0x00,0x00,0x00,0x00,0x00,0x00,0x00,0x00,0x00,0x00,0x00,0x00,0x00,0x00,0x00,0x00,
        0x00,0x00,0x00,0x00,0x00,0x00,0x00,0x00,0x00,0x00,0x00,0x00,0x00,0x00,0x00,0x00,
        0x5f,0x21,0x24,0xef,0x5f,0x21,0x24,0xff,0x5f,0x21,0x24,0xff,0x5f,0x21,0x24,0xff,
        0x5f,0x21,0x24,0xff,0x5f,0x21,0x24,0xff,0x5f,0x21,0x24,0xff,0x5f,0x21,0x24,0xff,
        0x5f,0x21,0x24,0xff,0x5f,0x21,0x24,0xff,0x5f,0x21,0x24,0xff,0x5f,0x21,0x24,0xff,
        0x5f,0x21,0x24,0xff,0x5f,0x21,0x24,0xff,0x5f,0x21,0x24,0xff,0x5f,0x21,0x24,0xff,
        0x5f,0x21,0x24,0xff,0x5f,0x21,0x24,0xff,0x5f,0x21,0x24,0xff,0x5f,0x21,0x24,0xff,
        0x5f,0x21,0x24,0xff,0x5f,0x21,0x24,0xff,0x5f,0x21,0x24,0xff,0x5f,0x21,0x24,0xff,
        0x5f,0x21,0x24,0xff,0x60,0x28,0x28,0x20,0x00,0x00,0x00,0x00,0x00,0x00,0x00,0x00,
        0xc4,0x80,0x16,0xd0,0xc4,0x7f,0x15,0xff,0xc4,0x7f,0x15,0xff,0xc4,0x7f,0x15,0xff,
        0xc4,0x7f,0x15,0xff,0xc4,0x7f,0x15,0xff,0xc4,0x7f,0x15,0xff,0xc4,0x7f,0x15,0xff,
        0xc4,0x7f,0x15,0xff,0xc4,0x7f,0x15,0xff,0xc4,0x80,0x15,0xf0,0xc7,0x80,0x18,0x20,
        0x00,0x00,0x00,0x00,0x00,0x00,0x00,0x00,0xb7,0x66,0x13,0xdf,0xb7,0x66,0x13,0xff,
        0xb7,0x66,0x13,0xff,0xb7,0x66,0x13,0xff,0xb7,0x66,0x13,0xff,0xb7,0x66,0x13,0xff,
        0xb7,0x66,0x13,0xff,0xb7,0x66,0x13,0xff,0xb6,0x67,0x13,0x90,0x00,0x00,0x00,0x00,
        0x00,0x00,0x00,0x00,0x00,0x00,0x00,0x00,0x00,0x00,0x00,0x00,0x00,0x00,0x00,0x00,
        0x00,0x00,0x00,0x00,0x00,0x00,0x00,0x00,0x00,0x00,0x00,0x00,0x00,0x00,0x00,0x00,
        0x00,0x00,0x00,0x00,0x00,0x00,0x00,0x00,0x00,0x00,0x00,0x00,0x60,0x23,0x26,0x50,
        0x5f,0x21,0x24,0xff,0x5f,0x21,0x24,0xff,0x5f,0x21,0x24,0xff,0x5f,0x21,0x24,0xff,
        0x5f,0x21,0x24,0xff,0x5f,0x21,0x24,0xff,0x5f,0x21,0x24,0xff,0x5f,0x21,0x24,0xff,
        0x5f,0x21,0x24,0xff,0x5f,0x21,0x24,0xff,0x5f,0x21,0x24,0xff,0x5f,0x21,0x24,0xff,
        0x5f,0x21,0x24,0xff,0x5f,0x21,0x24,0xff,0x5f,0x21,0x24,0xff,0x5f,0x21,0x24,0xff,
        0x5f,0x21,0x24,0xff,0x5f,0x21,0x24,0xff,0x5f,0x21,0x24,0xff,0x5f,0x21,0x24,0xff,
        0x5f,0x21,0x24,0xff,0x5f,0x21,0x24,0xff,0x5f,0x21,0x24,0xff,0x5f,0x21,0x24,0xff,
        0x5f,0x21,0x24,0xff,0x5f,0x21,0x24,0xbf,0x00,0x00,0x00,0x00,0x00,0x00,0x00,0x00,
        0xc3,0x80,0x18,0x40,0xc4,0x7f,0x15,0xff,0xc4,0x7f,0x15,0xff,0xc4,0x7f,0x15,0xff,
        0xc4,0x7f,0x15,0xff,0xc4,0x7f,0x15,0xff,0xc4,0x7f,0x15,0xff,0xc4,0x7f,0x15,0xff,
        0xc4,0x7f,0x15,0xff,0xc4,0x7f,0x15,0xff,0xc3,0x80,0x16,0x80,0x00,0x00,0x00,0x00,
        0x00,0x00,0x00,0x00,0xb8,0x66,0x14,0x70,0xb7,0x66,0x13,0xff,0xb7,0x66,0x13,0xff,
        0xb7,0x66,0x13,0xff,0xb7,0x66,0x13,0xff,0xb7,0x66,0x13,0xff,0xb7,0x66,0x13,0xff,
        0xb7,0x66,0x13,0xff,0xb7,0x66,0x13,0xff,0xb7,0x66,0x13,0xff,0xb7,0x68,0x14,0x40,
        0x00,0x00,0x00,0x00,0x00,0x00,0x00,0x00,0x00,0x00,0x00,0x00,0x00,0x00,0x00,0x00,
        0x00,0x00,0x00,0x00,0x00,0x00,0x00,0x00,0x00,0x00,0x00,0x00,0x00,0x00,0x00,0x00,
        0x00,0x00,0x00,0x00,0x00,0x00,0x00,0x00,0x00,0x00,0x00,0x00,0x60,0x22,0x25,0x90,
        0x5f,0x21,0x24,0xff,0x5f,0x21,0x24,0xff,0x5f,0x21,0x24,0xff,0x5f,0x21,0x24,0xff,
        0x5f,0x21,0x24,0xff,0x5f,0x21,0x24,0xff,0x5f,0x21,0x24,0xff,0x5f,0x21,0x24,0xff,
        0x5f,0x21,0x24,0xff,0x5f,0x21,0x24,0xff,0x5f,0x21,0x24,0xff,0x5f,0x21,0x24,0xff,
        0x5f,0x21,0x24,0xff,0x5f,0x21,0x24,0xff,0x5f,0x21,0x24,0xff,0x5f,0x21,0x24,0xff,
        0x5f,0x21,0x24,0xff,0x5f,0x21,0x24,0xff,0x5f,0x21,0x24,0xff,0x5f,0x21,0x24,0xff,
        0x5f,0x21,0x24,0xff,0x5f,0x21,0x24,0xff,0x5f,0x21,0x24,0xff,0x5f,0x21,0x24,0xff,
        0x5f,0x21,0x24,0xff,0x5f,0x21,0x24,0xff,0x60,0x24,0x24,0x40,0x00,0x00,0x00,0x00,
        0x00,0x00,0x00,0x00,0xc4,0x80,0x16,0xa0,0xc4,0x7f,0x15,0xff,0xc4,0x7f,0x15,0xff,
        0xc4,0x7f,0x15,0xff,0xc4,0x7f,0x15,0xff,0xc4,0x7f,0x15,0xff,0xc4,0x7f,0x15,0xff,
        0xc4,0x7f,0x15,0xff,0xc4,0x80,0x16,0xe0,0xcf,0x80,0x20,0x10,0x00,0x00,0x00,0x00,
        0xbf,0x70,0x20,0x10,0xb6,0x66,0x13,0xef,0xb7,0x66,0x13,0xff,0xb7,0x66,0x13,0xff,
        0xb7,0x66,0x13,0xff,0xb7,0x66,0x13,0xff,0xb7,0x66,0x13,0xff,0xb7,0x66,0x13,0xff,
        0xb7,0x66,0x13,0xff,0xb7,0x66,0x13,0xff,0xb7,0x66,0x13,0xff,0xb7,0x66,0x13,0xdf,
        0x00,0x00,0x00,0x00,0x00,0x00,0x00,0x00,0x00,0x00,0x00,0x00,0x00,0x00,0x00,0x00,
        0x00,0x00,0x00,0x00,0x00,0x00,0x00,0x00,0x00,0x00,0x00,0x00,0x00,0x00,0x00,0x00,
        0x00,0x00,0x00,0x00,0x00,0x00,0x00,0x00,0x00,0x00,0x00,0x00,0x60,0x21,0x24,0xc0,
        0x5f,0x21,0x24,0xff,0x5f,0x21,0x24,0xff,0x5f,0x21,0x24,0xff,0x5f,0x21,0x24,0xff,
        0x5f,0x21,0x24,0xff,0x5f,0x21,0x24,0xff,0x5f,0x21,0x24,0xff,0x5f,0x21,0x24,0xff,
        0x5f,0x21,0x24,0xff,0x5f,0x21,0x24,0xff,0x5f,0x21,0x24,0xff,0x5f,0x21,0x24,0xff,
        0x5f,0x21,0x24,0xff,0x5f,0x21,0x24,0xff,0x5f,0x21,0x24,0xff,0x5f,0x21,0x24,0xff,
        0x5f,0x21,0x24,0xff,0x5f,0x21,0x24,0xff,0x5f,0x21,0x24,0xff,0x5f,0x21,0x24,0xff,
        0x5f,0x21,0x24,0xff,0x5f,0x21,0x24,0xff,0x5f,0x21,0x24,0xff,0x5f,0x21,0x24,0xff,
        0x5f,0x21,0x24,0xff,0x5f,0x21,0x24,0xff,0x5f,0x21,0x25,0xdf,0x00,0x00,0x00,0x00,
        0x00,0x00,0x00,0x00,0xc7,0x80,0x18,0x20,0xc4,0x80,0x15,0xf0,0xc4,0x7f,0x15,0xff,
        0xc4,0x7f,0x15,0xff,0xc4,0x7f,0x15,0xff,0xc4,0x7f,0x15,0xff,0xc4,0x7f,0x15,0xff,
        0xc4,0x7f,0x15,0xff,0xc5,0x80,0x15,0x60,0x00,0x00,0x00,0x00,0x00,0x00,0x00,0x00,
        0xb7,0x66,0x13,0xa0,0xb7,0x66,0x13,0xff,0xb7,0x66,0x13,0xff,0xb7,0x66,0x13,0xff,
        0xb7,0x66,0x13,0xff,0xb7,0x66,0x13,0xff,0xb7,0x66,0x13,0xff,0xb7,0x66,0x13,0xff,
        0xb7,0x66,0x13,0xff,0xb7,0x66,0x13,0xff,0xb7,0x66,0x13,0xff,0xb7,0x66,0x13,0xff,
        0xb7,0x68,0x15,0x60,0x00,0x00,0x00,0x00,0x00,0x00,0x00,0x00,0x00,0x00,0x00,0x00,
        0x00,0x00,0x00,0x00,0x00,0x00,0x00,0x00,0x00,0x00,0x00,0x00,0x00,0x00,0x00,0x00,
        0x00,0x00,0x00,0x00,0x00,0x00,0x00,0x00,0x00,0x00,0x00,0x00,0x5f,0x21,0x24,0xff,
        0x5f,0x21,0x24,0xff,0x5f,0x21,0x24,0xff,0x5f,0x21,0x24,0xff,0x5f,0x21,0x24,0xff,
        0x5f,0x21,0x24,0xff,0x5f,0x21,0x24,0xff,0x5f,0x21,0x24,0xff,0x5f,0x21,0x24,0xff,
        0x5f,0x21,0x24,0xff,0x5f,0x21,0x24,0xff,0x5f,0x21,0x24,0xff,0x5f,0x21,0x24,0xff,
        0x5f,0x21,0x24,0xff,0x5f,0x21,0x24,0xff,0x5f,0x21,0x24,0xff,0x5f,0x21,0x24,0xff,
        0x5f,0x21,0x24,0xff,0x5f,0x21,0x24,0xff,0x5f,0x21,0x24,0xff,0x5f,0x21,0x24,0xff,
        0x5f,0x21,0x24,0xff,0x5f,0x21,0x24,0xff,0x5f,0x21,0x24,0xff,0x5f,0x21,0x24,0xff,
        0x5f,0x21,0x24,0xff,0x5f,0x21,0x24,0xff,0x5f,0x21,0x24,0xff,0x60,0x22,0x24,0x80,
        0x00,0x00,0x00,0x00,0x00,0x00,0x00,0x00,0xc3,0x80,0x16,0x80,0xc4,0x7f,0x15,0xff,
        0xc4,0x7f,0x15,0xff,0xc4,0x7f,0x15,0xff,0xc4,0x7f,0x15,0xff,0xc4,0x7f,0x15,0xff,
        0xc3,0x80,0x15,0xc0,0x00,0x00,0x00,0x00,0x00,0x00,0x00,0x00,0xba,0x6a,0x15,0x30,
        0xb7,0x66,0x13,0xff,0xb7,0x66,0x13,0xff,0xb7,0x66,0x13,0xff,0xb7,0x66,0x13,0xff,
        0xb7,0x66,0x13,0xff,0xb7,0x66,0x13,0xff,0xb7,0x66,0x13,0xff,0xb7,0x66,0x13,0xff,
        0xb7,0x66,0x13,0xff,0xb7,0x66,0x13,0xff,0xb7,0x66,0x13,0xff,0xb7,0x66,0x13,0xff,
        0xb7,0x67,0x14,0xbf,0x00,0x00,0x00,0x00,0x00,0x00,0x00,0x00,0x00,0x00,0x00,0x00,
        0x00,0x00,0x00,0x00,0x00,0x00,0x00,0x00,0x00,0x00,0x00,0x00,0x00,0x00,0x00,0x00,
        0x00,0x00,0x00,0x00,0x00,0x00,0x00,0x00,0x60,0x25,0x25,0x30,0x5f,0x21,0x24,0xff,
        0x5f,0x21,0x24,0xff,0x5f,0x21,0x24,0xff,0x5f,0x21,0x24,0xff,0x5f,0x21,0x24,0xff,
        0x5f,0x21,0x24,0xff,0x5f,0x21,0x24,0xff,0x5f,0x21,0x24,0xff,0x5f,0x21,0x24,0xff,
        0x5f,0x21,0x24,0xff,0x5f,0x21,0x24,0xff,0x5f,0x21,0x24,0xff,0x5f,0x21,0x24,0xff,
        0x5f,0x21,0x24,0xff,0x5f,0x21,0x24,0xff,0x5f,0x21,0x24,0xff,0x5f,0x21,0x24,0xff,
        0x5f,0x21,0x24,0xff,0x5f,0x21,0x24,0xff,0x5f,0x21,0x24,0xff,0x5f,0x21,0x24,0xff,
        0x5f,0x21,0x24,0xff,0x5f,0x21,0x24,0xff,0x5f,0x21,0x24,0xff,0x5f,0x21,0x24,0xff,
        0x5f,0x21,0x24,0xff,0x5f,0x21,0x24,0xff,0x5f,0x21,0x24,0xff,0x5f,0x21,0x24,0xef,
        0x60,0x30,0x30,0x10,0x00,0x00,0x00,0x00,0xcf,0x80,0x20,0x10,0xc4,0x80,0x16,0xe0,
        0xc4,0x7f,0x15,0xff,0xc4,0x7f,0x15,0xff,0xc4,0x7f,0x15,0xff,0xc4,0x7f,0x15,0xff,
        0xc5,0x80,0x15,0x30,0x00,0x00,0x00,0x00,0x00,0x00,0x00,0x00,0xb7,0x67,0x14,0xbf,
        0xb7,0x66,0x13,0xff,0xb7,0x66,0x13,0xff,0xb7,0x66,0x13,0xff,0xb7,0x66,0x13,0xff,
        0xb7,0x66,0x13,0xff,0xb7,0x66,0x13,0xff,0xb7,0x66,0x13,0xff,0xb7,0x66,0x13,0xff,
        0xb7,0x66,0x13,0xff,0xb7,0x66,0x13,0xff,0xb7,0x66,0x13,0xff,0xb7,0x66,0x13,0xff,
        0xb7,0x66,0x13,0xff,0xba,0x6a,0x15,0x30,0x00,0x00,0x00,0x00,0x00,0x00,0x00,0x00,
        0x00,0x00,0x00,0x00,0x00,0x00,0x00,0x00,0x00,0x00,0x00,0x00,0x00,0x00,0x00,0x00,
        0x00,0x00,0x00,0x00,0x00,0x00,0x00,0x00,0x60,0x23,0x25,0x60,0x5f,0x21,0x24,0xff,
        0x5f,0x21,0x24,0xff,0x5f,0x21,0x24,0xff,0x5f,0x21,0x24,0xff,0x5f,0x21,0x24,0xff,
        0x5f,0x21,0x24,0xff,0x5f,0x21,0x24,0xff,0x5f,0x21,0x24,0xff,0x5f,0x21,0x24,0xff,
        0x5f,0x21,0x24,0xff,0x5f,0x21,0x24,0xff,0x5f,0x21,0x24,0xff,0x5f,0x21,0x24,0xff,
        0x5f,0x21,0x24,0xff,0x5f,0x21,0x24,0xff,0x5f,0x21,0x24,0xff,0x5f,0x21,0x24,0xff,
        0x5f,0x21,0x24,0xff,0x5f,0x21,0x24,0xff,0x5f,0x21,0x24,0xff,0x5f,0x21,0x24,0xff,
        0x5f,0x21,0x24,0xff,0x5f,0x21,0x24,0xff,0x5f,0x21,0x24,0xff,0x5f,0x21,0x24,0xff,
        0x5f,0x21,0x24,0xff,0x5f,0x21,0x24,0xff,0x5f,0x21,0x24,0xff,0x5f,0x21,0x24,0xff,
        0x60,0x21,0x25,0xa0,0x00,0x00,0x00,0x00,0x00,0x00,0x00,0x00,0xc6,0x80,0x16,0x50,
        0xc4,0x7f,0x15,0xff,0xc4,0x7f,0x15,0xff,0xc4,0x7f,0x15,0xff,0xc5,0x80,0x15,0x90,
        0x00,0x00,0x00,0x00,0x00,0x00,0x00,0x00,0xb9,0x66,0x13,0x50,0xb7,0x66,0x13,0xff,
        0xb7,0x66,0x13,0xff,0xb7,0x66,0x13,0xff,0xb7,0x66,0x13,0xff,0xb7,0x66,0x13,0xff,
        0xb7,0x66,0x13,0xff,0xb7,0x66,0x13,0xff,0xb7,0x66,0x13,0xff,0xb7,0x66,0x13,0xff,
        0xb7,0x66,0x13,0xff,0xb7,0x66,0x13,0xff,0xb7,0x66,0x13,0xff,0xb7,0x66,0x13,0xff,
        0xb7,0x66,0x13,0xff,0xb7,0x66,0x14,0x80,0x00,0x00,0x00,0x00,0x00,0x00,0x00,0x00,
        0x00,0x00,0x00,0x00,0x00,0x00,0x00,0x00,0x00,0x00,0x00,0x00,0x00,0x00,0x00,0x00,
        0x00,0x00,0x00,0x00,0x00,0x00,0x00,0x00,0x60,0x22,0x25,0x90,0x5f,0x21,0x24,0xff,
        0x5f,0x21,0x24,0xff,0x5f,0x21,0x24,0xff,0x5f,0x21,0x24,0xff,0x5f,0x21,0x24,0xff,
        0x5f,0x21,0x24,0xff,0x5f,0x21,0x24,0xff,0x5f,0x21,0x24,0xff,0x5f,0x21,0x24,0xff,
        0x5f,0x21,0x24,0xff,0x5f,0x21,0x24,0xff,0x5f,0x21,0x24,0xff,0x5f,0x21,0x24,0xff,
        0x5f,0x21,0x24,0xff,0x5f,0x21,0x24,0xff,0x5f,0x21,0x24,0xff,0x5f,0x21,0x24,0xff,
        0x5f,0x21,0x24,0xff,0x5f,0x21,0x24,0xff,0x5f,0x21,0x24,0xff,0x5f,0x21,0x24,0xff,
        0x5f,0x21,0x24,0xff,0x5f,0x21,0x24,0xff,0x5f,0x21,0x24,0xff,0x5f,0x21,0x24,0xff,
        0x5f,0x21,0x24,0xff,0x5f,0x21,0x24,0xff,0x5f,0x21,0x24,0xff,0x5f,0x21,0x24,0xff,
        0x5f,0x21,0x24,0xff,0x60,0x25,0x25,0x30,0x00,0x00,0x00,0x00,0x00,0x00,0x00,0x00,
        0xc3,0x80,0x18,0x40,0xc3,0x80,0x16,0x80,0xc5,0x80,0x15,0x60,0x00,0x00,0x00,0x00,
        0x00,0x00,0x00,0x00,0x00,0x00,0x00,0x00,0xb7,0x66,0x13,0xdf,0xb7,0x66,0x13,0xff,
        0xb7,0x66,0x13,0xff,0xb7,0x66,0x13,0xff,0xb7,0x66,0x13,0xff,0xb7,0x66,0x13,0xff,
        0xb7,0x66,0x13,0xff,0xb7,0x66,0x13,0xff,0xb7,0x66,0x13,0xff,0xb7,0x66,0x13,0xff,
        0xb7,0x66,0x13,0xff,0xb7,0x66,0x13,0xff,0xb7,0x66,0x13,0xff,0xb7,0x66,0x13,0xff,
        0xb7,0x66,0x13,0xff,0xb7,0x66,0x14,0xc0,0x00,0x00,0x00,0x00,0x00,0x00,0x00,0x00,
        0x00,0x00,0x00,0x00,0x00,0x00,0x00,0x00,0x00,0x00,0x00,0x00,0x00,0x00,0x00,0x00,
        0x00,0x00,0x00,0x00,0x00,0x00,0x00,0x00,0x60,0x21,0x24,0xc0,0x5f,0x21,0x24,0xff,
        0x5f,0x21,0x24,0xff,0x5f,0x21,0x24,0xff,0x5f,0x21,0x24,0xff,0x5f,0x21,0x24,0xff,
        0x5f,0x21,0x24,0xff,0x5f,0x21,0x24,0xff,0x5f,0x21,0x24,0xff,0x5f,0x21,0x24,0xff,
        0x5f,0x21,0x24,0xff,0x5f,0x21,0x24,0xff,0x5f,0x21,0x24,0xff,0x5f,0x21,0x24,0xff,
        0x5f,0x21,0x24,0xff,0x5f,0x21,0x24,0xff,0x5f,0x21,0x24,0xff,0x5f,0x21,0x24,0xff,
        0x5f,0x21,0x24,0xff,0x5f,0x21,0x24,0xff,0x5f,0x21,0x24,0xff,0x5f,0x21,0x24,0xff,
        0x5f,0x21,0x24,0xff,0x5f,0x21,0x24,0xff,0x5f,0x21,0x24,0xff,0x5f,0x21,0x24,0xff,
        0x5f,0x21,0x24,0xff,0x5f,0x21,0x24,0xff,0x5f,0x21,0x24,0xff,0x5f,0x21,0x24,0xff,
        0x5f,0x21,0x24,0xff,0x60,0x22,0x25,0x90,0x00,0x00,0x00,0x00,0x00,0x00,0x00,0x00,
        0x00,0x00,0x00,0x00,0x00,0x00,0x00,0x00,0x00,0x00,0x00,0x00,0x00,0x00,0x00,0x00,
        0x00,0x00,0x00,0x00,0xb7,0x68,0x14,0x40,0xb7,0x66,0x13,0xff,0xb7,0x66,0x13,0xff,
        0xb7,0x66,0x13,0xff,0xb7,0x66,0x13,0xff,0xb7,0x66,0x13,0xff,0xb7,0x66,0x13,0xff,
        0xb7,0x66,0x13,0xff,0xb7,0x66,0x13,0xff,0xb7,0x66,0x13,0xff,0xb7,0x66,0x13,0xff,
        0xb7,0x66,0x13,0xff,0xb7,0x66,0x13,0xff,0xb7,0x66,0x13,0xff,0xb7,0x66,0x13,0xff,
        0xb7,0x66,0x13,0xff,0xb7,0x66,0x13,0xff,0x00,0x00,0x00,0x00,0x00,0x00,0x00,0x00,
        0x00,0x00,0x00,0x00,0x00,0x00,0x00,0x00,0x00,0x00,0x00,0x00,0x00,0x00,0x00,0x00,
        0x00,0x00,0x00,0x00,0x00,0x00,0x00,0x00,0x60,0x21,0x24,0xc0,0x5f,0x21,0x24,0xff,
        0x5f,0x21,0x24,0xff,0x5f,0x21,0x24,0xff,0x5f,0x21,0x24,0xff,0x5f,0x21,0x24,0xff,
        0x5f,0x21,0x24,0xff,0x5f,0x21,0x24,0xff,0x5f,0x21,0x24,0xff,0x5f,0x21,0x24,0xff,
        0x5f,0x21,0x24,0xff,0x5f,0x21,0x24,0xff,0x5f,0x21,0x24,0xff,0x5f,0x21,0x24,0xff,
        0x5f,0x21,0x24,0xff,0x5f,0x21,0x24,0xff,0x5f,0x21,0x24,0xff,0x5f,0x21,0x24,0xff,
        0x5f,0x21,0x24,0xff,0x5f,0x21,0x24,0xff,0x5f,0x21,0x24,0xff,0x5f,0x21,0x24,0xff,
        0x5f,0x21,0x24,0xff,0x5f,0x21,0x24,0xff,0x5f,0x21,0x24,0xff,0x5f,0x21,0x24,0xff,
        0x5f,0x21,0x24,0xff,0x5f,0x21,0x24,0xff,0x5f,0x21,0x24,0xff,0x5f,0x21,0x24,0xff,
        0x5f,0x21,0x24,0xff,0x60,0x22,0x24,0x80,0x00,0x00,0x00,0x00,0x00,0x00,0x00,0x00,
        0x00,0x00,0x00,0x00,0x00,0x00,0x00,0x00,0x00,0x00,0x00,0x00,0x00,0x00,0x00,0x00,
        0x00,0x00,0x00,0x00,0xb7,0x68,0x14,0x40,0xb7,0x66,0x13,0xff,0xb7,0x66,0x13,0xff,
        0xb7,0x66,0x13,0xff,0xb7,0x66,0x13,0xff,0xb7,0x66,0x13,0xff,0xb7,0x66,0x13,0xff,
        0xb7,0x66,0x13,0xff,0xb7,0x66,0x13,0xff,0xb7,0x66,0x13,0xff,0xb7,0x66,0x13,0xff,
        0xb7,0x66,0x13,0xff,0xb7,0x66,0x13,0xff,0xb7,0x66,0x13,0xff,0xb7,0x66,0x13,0xff,
        0xb7,0x66,0x13,0xff,0xb7,0x66,0x13,0xf0,0x00,0x00,0x00,0x00,0x00,0x00,0x00,0x00,
        0x00,0x00,0x00,0x00,0x00,0x00,0x00,0x00,0x00,0x00,0x00,0x00,0x00,0x00,0x00,0x00,
        0x00,0x00,0x00,0x00,0x00,0x00,0x00,0x00,0x60,0x25,0x25,0x30,0x60,0x21,0x24,0xf0,
        0x5f,0x21,0x24,0xff,0x5f,0x21,0x24,0xff,0x5f,0x21,0x24,0xff,0x5f,0x21,0x24,0xff,
        0x5f,0x21,0x24,0xff,0x5f,0x21,0x24,0xff,0x5f,0x21,0x24,0xff,0x5f,0x21,0x24,0xff,
        0x5f,0x21,0x24,0xff,0x5f,0x21,0x24,0xff,0x5f,0x21,0x24,0xff,0x5f,0x21,0x24,0xff,
        0x5f,0x21,0x24,0xff,0x5f,0x21,0x24,0xff,0x5f,0x21,0x24,0xff,0x5f,0x21,0x24,0xff,
        0x5f,0x21,0x24,0xff,0x5f,0x21,0x24,0xff,0x5f,0x21,0x24,0xff,0x5f,0x21,0x24,0xff,
        0x5f,0x21,0x24,0xff,0x5f,0x21,0x24,0xff,0x5f,0x21,0x24,0xff,0x5f,0x21,0x24,0xff,
        0x5f,0x21,0x24,0xff,0x5f,0x21,0x24,0xff,0x5f,0x21,0x24,0xff,0x5f,0x21,0x24,0xff,
        0x60,0x21,0x25,0xd0,0x60,0x28,0x28,0x20,0x00,0x00,0x00,0x00,0x00,0x00,0x00,0x00,
        0x00,0x00,0x00,0x00,0x00,0x00,0x00,0x00,0x00,0x00,0x00,0x00,0x00,0x00,0x00,0x00,
        0x00,0x00,0x00,0x00,0x00,0x00,0x00,0x00,0xb7,0x66,0x13,0xa0,0xb7,0x66,0x13,0xff,
        0xb7,0x66,0x13,0xff,0xb7,0x66,0x13,0xff,0xb7,0x66,0x13,0xff,0xb7,0x66,0x13,0xff,
        0xb7,0x66,0x13,0xff,0xb7,0x66,0x13,0xff,0xb7,0x66,0x13,0xff,0xb7,0x66,0x13,0xff,
        0xb7,0x66,0x13,0xff,0xb7,0x66,0x13,0xff,0xb7,0x66,0x13,0xff,0xb7,0x66,0x13,0xff,
        0xb7,0x66,0x13,0xff,0xb7,0x68,0x15,0x60,0x00,0x00,0x00,0x00,0x00,0x00,0x00,0x00,
        0x00,0x00,0x00,0x00,0x00,0x00,0x00,0x00,0x00,0x00,0x00,0x00,0x00,0x00,0x00,0x00,
        0x00,0x00,0x00,0x00,0x00,0x00,0x00,0x00,0x00,0x00,0x00,0x00,0x60,0x30,0x30,0x10,
        0x60,0x24,0x24,0x40,0x60,0x24,0x24,0x40,0x60,0x24,0x24,0x40,0x60,0x24,0x24,0x40,
        0x60,0x24,0x24,0x40,0x60,0x24,0x24,0x40,0x60,0x24,0x24,0x40,0x60,0x24,0x24,0x40,
        0x60,0x24,0x24,0x40,0x60,0x24,0x24,0x40,0x60,0x24,0x24,0x40,0x60,0x24,0x24,0x40,
        0x60,0x24,0x24,0x40,0x60,0x24,0x24,0x40,0x60,0x24,0x24,0x40,0x60,0x24,0x24,0x40,
        0x60,0x24,0x24,0x40,0x60,0x24,0x24,0x40,0x60,0x24,0x24,0x40,0x60,0x24,0x24,0x40,
        0x60,0x24,0x24,0x40,0x60,0x24,0x24,0x40,0x60,0x24,0x24,0x40,0x60,0x24,0x24,0x40,
        0x60,0x24,0x24,0x40,0x60,0x24,0x24,0x40,0x60,0x24,0x24,0x40,0x60,0x24,0x24,0x40,
        0x00,0x00,0x00,0x00,0x00,0x00,0x00,0x00,0x00,0x00,0x00,0x00,0x00,0x00,0x00,0x00,
        0x00,0x00,0x00,0x00,0x00,0x00,0x00,0x00,0x00,0x00,0x00,0x00,0x00,0x00,0x00,0x00,
        0x00,0x00,0x00,0x00,0x00,0x00,0x00,0x00,0x00,0x00,0x00,0x00,0xba,0x6a,0x15,0x30,
        0xb7,0x68,0x14,0x40,0xb7,0x68,0x14,0x40,0xb7,0x68,0x14,0x40,0xb7,0x68,0x14,0x40,
        0xb7,0x68,0x14,0x40,0xb7,0x68,0x14,0x40,0xb7,0x68,0x14,0x40,0xb7,0x68,0x14,0x40,
        0xb7,0x68,0x14,0x40,0xb7,0x68,0x14,0x40,0xb7,0x68,0x14,0x40,0xb7,0x68,0x14,0x40,
        0xb7,0x68,0x18,0x20,0x00,0x00,0x00,0x00,0x00,0x00,0x00,0x00,0x00,0x00,0x00,0x00,
        0x00,0x00,0x00,0x00,0x00,0x00,0x00,0x00,0x00,0x00,0x00,0x00,0x00,0x00,0x00,0x00,
        0x00,0x00,0x00,0x00,0x00,0x00,0x00,0x00,0x00,0x00,0x00,0x00,0x00,0x00,0x00,0x00,
        0x00,0x00,0x00,0x00,0x00,0x00,0x00,0x00,0x00,0x00,0x00,0x00,0x00,0x00,0x00,0x00,
        0x00,0x00,0x00,0x00,0x00,0x00,0x00,0x00,0x00,0x00,0x00,0x00,0x00,0x00,0x00,0x00,
        0x00,0x00,0x00,0x00,0x00,0x00,0x00,0x00,0x00,0x00,0x00,0x00,0x00,0x00,0x00,0x00,
        0x00,0x00,0x00,0x00,0x00,0x00,0x00,0x00,0x00,0x00,0x00,0x00,0x00,0x00,0x00,0x00,
        0x00,0x00,0x00,0x00,0x00,0x00,0x00,0x00,0x00,0x00,0x00,0x00,0x00,0x00,0x00,0x00,
        0x00,0x00,0x00,0x00,0x00,0x00,0x00,0x00,0x00,0x00,0x00,0x00,0x00,0x00,0x00,0x00,
        0x00,0x00,0x00,0x00,0x00,0x00,0x00,0x00,0x00,0x00,0x00,0x00,0x00,0x00,0x00,0x00,
        0x00,0x00,0x00,0x00,0x00,0x00,0x00,0x00,0x00,0x00,0x00,0x00,0x00,0x00,0x00,0x00,
        0x00,0x00,0x00,0x00,0x00,0x00,0x00,0x00,0x00,0x00,0x00,0x00,0x00,0x00,0x00,0x00,
        0x00,0x00,0x00,0x00,0x00,0x00,0x00,0x00,0x00,0x00,0x00,0x00,0x00,0x00,0x00,0x00,
        0x00,0x00,0x00,0x00,0x00,0x00,0x00,0x00,0x00,0x00,0x00,0x00,0x00,0x00,0x00,0x00,
        0x00,0x00,0x00,0x00,0x00,0x00,0x00,0x00,0x00,0x00,0x00,0x00,0x00,0x00,0x00,0x00,
        0x00,0x00,0x00,0x00,0x00,0x00,0x00,0x00,0x00,0x00,0x00,0x00,0x00,0x00,0x00,0x00,
        0x00,0x00,0x00,0x00,0x00,0x00,0x00,0x00,0x00,0x00,0x00,0x00,0x00,0x00,0x00,0x00,
        0x00,0x00,0x00,0x00,0x00,0x00,0x00,0x00,0x00,0x00,0x00,0x00,0x00,0x00,0x00,0x00,
        0x00,0x00,0x00,0x00,0x00,0x00,0x00,0x00,0x00,0x00,0x00,0x00,0x00,0x00,0x00,0x00,
        0x00,0x00,0x00,0x00,0x00,0x00,0x00,0x00,0x00,0x00,0x00,0x00,0x00,0x00,0x00,0x00,
        0x00,0x00,0x00,0x00,0x00,0x00,0x00,0x00,0x00,0x00,0x00,0x00,0x00,0x00,0x00,0x00,
        0x00,0x00,0x00,0x00,0x00,0x00,0x00,0x00,0x00,0x00,0x00,0x00,0x00,0x00,0x00,0x00,
        0x00,0x00,0x00,0x00,0x00,0x00,0x00,0x00,0x00,0x00,0x00,0x00,0x00,0x00,0x00,0x00,
        0x00,0x00,0x00,0x00,0x00,0x00,0x00,0x00,0x00,0x00,0x00,0x00,0x00,0x00,0x00,0x00,
        0x00,0x00,0x00,0x00,0x00,0x00,0x00,0x00,0x00,0x00,0x00,0x00,0x00,0x00,0x00,0x00,
        0x00,0x00,0x00,0x00,0x00,0x00,0x00,0x00,0x00,0x00,0x00,0x00,0x00,0x00,0x00,0x00,
        0x00,0x00,0x00,0x00,0x00,0x00,0x00,0x00,0x00,0x00,0x00,0x00,0x00,0x00,0x00,0x00,
        0x00,0x00,0x00,0x00,0x00,0x00,0x00,0x00,0x00,0x00,0x00,0x00,0x00,0x00,0x00,0x00,
        0x00,0x00,0x00,0x00,0x00,0x00,0x00,0x00,0x00,0x00,0x00,0x00,0x00,0x00,0x00,0x00,
        0x00,0x00,0x00,0x00,0x00,0x00,0x00,0x00,0x00,0x00,0x00,0x00,0x00,0x00,0x00,0x00,
        0x00,0x00,0x00,0x00,0x00,0x00,0x00,0x00,0x00,0x00,0x00,0x00,0x00,0x00,0x00,0x00,
        0x00,0x00,0x00,0x00,0x00,0x00,0x00,0x00,0x00,0x00,0x00,0x00,0x00,0x00,0x00,0x00,
        0x00,0x00,0x00,0x00,0x00,0x00,0x00,0x00,0x00,0x00,0x00,0x00,0x00,0x00,0x00,0x00,
        0x00,0x00,0x00,0x00,0x00,0x00,0x00,0x00,0x00,0x00,0x00,0x00,0x00,0x00,0x00,0x00,
        0x00,0x00,0x00,0x00,0x00,0x00,0x00,0x00,0x00,0x00,0x00,0x00,0x00,0x00,0x00,0x00,
        0x00,0x00,0x00,0x00,0x00,0x00,0x00,0x00,0x80,0x2b,0x25,0x30,0x7d,0x2a,0x23,0xdf,
        0x7c,0x2a,0x23,0xff,0x7c,0x2a,0x23,0xff,0x7c,0x2a,0x23,0xff,0x7c,0x2a,0x23,0xff,
        0x7c,0x2a,0x23,0xff,0x7c,0x2a,0x23,0xff,0x7c,0x2a,0x23,0xff,0x7c,0x2a,0x23,0xff,
        0x7c,0x2a,0x23,0xff,0x7c,0x2a,0x23,0xff,0x7c,0x2a,0x23,0xff,0x7c,0x2a,0x23,0xff,
        0x7c,0x2a,0x23,0xff,0x7c,0x2a,0x23,0xff,0x7c,0x2a,0x23,0xff,0x7c,0x2a,0x23,0xff,
        0x7c,0x2a,0x23,0xff,0x7c,0x2a,0x23,0xff,0x7c,0x2a,0x23,0xff,0x7c,0x2a,0x23,0xff,
        0x7c,0x2a,0x23,0xff,0x7c,0x2a,0x23,0xff,0x7c,0x2a,0x23,0xff,0x7c,0x2a,0x23,0xff,
        0x7c,0x2b,0x24,0xbf,0x80,0x30,0x30,0x10,0x00,0x00,0x00,0x00,0x00,0x00,0x00,0x00,
        0x00,0x00,0x00,0x00,0x00,0x00,0x00,0x00,0x00,0x00,0x00,0x00,0x00,0x00,0x00,0x00,
        0x00,0x00,0x00,0x00,0x00,0x00,0x00,0x00,0xa8,0x4e,0x17,0x8f,0xa8,0x4e,0x16,0xff,
        0xa8,0x4e,0x16,0xff,0xa8,0x4e,0x16,0xff,0xa8,0x4e,0x16,0xff,0xa8,0x4e,0x16,0xff,
        0xa8,0x4e,0x16,0xff,0xa8,0x4e,0x16,0xff,0xa8,0x4e,0x16,0xff,0xa8,0x4e,0x16,0xff,
        0xa8,0x4e,0x16,0xff,0xa8,0x4e,0x16,0xff,0xa8,0x4e,0x16,0xff,0xa8,0x4e,0x16,0xff,
        0xa8,0x4e,0x16,0xff,0xa8,0x4e,0x16,0xff,0xa8,0x4e,0x16,0xff,0xa8,0x4e,0x16,0xff,
        0xa8,0x4f,0x16,0xcf,0xa7,0x50,0x18,0x20,0x00,0x00,0x00,0x00,0x00,0x00,0x00,0x00,
        0x00,0x00,0x00,0x00,0x00,0x00,0x00,0x00,0x00,0x00,0x00,0x00,0x00,0x00,0x00,0x00,
        0x00,0x00,0x00,0x00,0x00,0x00,0x00,0x00,0x7d,0x2a,0x24,0xb0,0x7c,0x2a,0x23,0xff,
        0x7c,0x2a,0x23,0xff,0x7c,0x2a,0x23,0xff,0x7c,0x2a,0x23,0xff,0x7c,0x2a,0x23,0xff,
        0x7c,0x2a,0x23,0xff,0x7c,0x2a,0x23,0xff,0x7c,0x2a,0x23,0xff,0x7c,0x2a,0x23,0xff,
        0x7c,0x2a,0x23,0xff,0x7c,0x2a,0x23,0xff,0x7c,0x2a,0x23,0xff,0x7c,0x2a,0x23,0xff,
        0x7c,0x2a,0x23,0xff,0x7c,0x2a,0x23,0xff,0x7c,0x2a,0x23,0xff,0x7c,0x2a,0x23,0xff,
        0x7c,0x2a,0x23,0xff,0x7c,0x2a,0x23,0xff,0x7c,0x2a,0x23,0xff,0x7c,0x2a,0x23,0xff,
        0x7c,0x2a,0x23,0xff,0x7c,0x2a,0x23,0xff,0x7c,0x2a,0x23,0xff,0x7c,0x2a,0x23,0xff,
        0x7c,0x2a,0x23,0xff,0x7d,0x2b,0x24,0x70,0x00,0x00,0x00,0x00,0x00,0x00,0x00,0x00,
        0x00,0x00,0x00,0x00,0x00,0x00,0x00,0x00,0x00,0x00,0x00,0x00,0x00,0x00,0x00,0x00,
        0x00,0x00,0x00,0x00,0xaa,0x50,0x1b,0x30,0xa8,0x4e,0x16,0xff,0xa8,0x4e,0x16,0xff,
        0xa8,0x4e,0x16,0xff,0xa8,0x4e,0x16,0xff,0xa8,0x4e,0x16,0xff,0xa8,0x4e,0x16,0xff,
        0xa8,0x4e,0x16,0xff,0xa8,0x4e,0x16,0xff,0xa8,0x4e,0x16,0xff,0xa8,0x4e,0x16,0xff,
        0xa8,0x4e,0x16,0xff,0xa8,0x4e,0x16,0xff,0xa8,0x4e,0x16,0xff,0xa8,0x4e,0x16,0xff,
        0xa8,0x4e,0x16,0xff,0xa8,0x4e,0x16,0xff,0xa8,0x4e,0x16,0xff,0xa8,0x4e,0x16,0xff,
        0xa8,0x4e,0x16,0xff,0xa8,0x4e,0x17,0xb0,0x00,0x00,0x00,0x00,0x00,0x00,0x00,0x00,
        0x00,0x00,0x00,0x00,0x00,0x00,0x00,0x00,0x00,0x00,0x00,0x00,0x00,0x00,0x00,0x00,
        0x00,0x00,0x00,0x00,0x00,0x00,0x00,0x00,0x7c,0x2b,0x24,0xc0,0x7c,0x2a,0x23,0xff,
        0x7c,0x2a,0x23,0xff,0x7c,0x2a,0x23,0xff,0x7c,0x2a,0x23,0xff,0x7c,0x2a,0x23,0xff,
        0x7c,0x2a,0x23,0xff,0x7c,0x2a,0x23,0xff,0x7c,0x2a,0x23,0xff,0x7c,0x2a,0x23,0xff,
        0x7c,0x2a,0x23,0xff,0x7c,0x2a,0x23,0xff,0x7c,0x2a,0x23,0xff,0x7c,0x2a,0x23,0xff,
        0x7c,0x2a,0x23,0xff,0x7c,0x2a,0x23,0xff,0x7c,0x2a,0x23,0xff,0x7c,0x2a,0x23,0xff,
        0x7c,0x2a,0x23,0xff,0x7c,0x2a,0x23,0xff,0x7c,0x2a,0x23,0xff,0x7c,0x2a,0x23,0xff,
        0x7c,0x2a,0x23,0xff,0x7c,0x2a,0x23,0xff,0x7c,0x2a,0x23,0xff,0x7c,0x2a,0x23,0xff,
        0x7c,0x2a,0x23,0xff,0x7c,0x2b,0x23,0xa0,0x00,0x00,0x00,0x00,0x00,0x00,0x00,0x00,
        0x00,0x00,0x00,0x00,0x00,0x00,0x00,0x00,0x00,0x00,0x00,0x00,0x00,0x00,0x00,0x00,
        0x00,0x00,0x00,0x00,0xa7,0x50,0x18,0x40,0xa8,0x4e,0x16,0xff,0xa8,0x4e,0x16,0xff,
        0xa8,0x4e,0x16,0xff,0xa8,0x4e,0x16,0xff,0xa8,0x4e,0x16,0xff,0xa8,0x4e,0x16,0xff,
        0xa8,0x4e,0x16,0xff,0xa8,0x4e,0x16,0xff,0xa8,0x4e,0x16,0xff,0xa8,0x4e,0x16,0xff,
        0xa8,0x4e,0x16,0xff,0xa8,0x4e,0x16,0xff,0xa8,0x4e,0x16,0xff,0xa8,0x4e,0x16,0xff,
        0xa8,0x4e,0x16,0xff,0xa8,0x4e,0x16,0xff,0xa8,0x4e,0x16,0xff,0xa8,0x4e,0x16,0xff,
        0xa8,0x4e,0x16,0xff,0xa7,0x4e,0x17,0xc0,0x00,0x00,0x00,0x00,0x00,0x00,0x00,0x00,
        0x00,0x00,0x00,0x00,0x00,0x00,0x00,0x00,0x00,0x00,0x00,0x00,0x00,0x00,0x00,0x00,
        0x00,0x00,0x00,0x00,0x00,0x00,0x00,0x00,0x7c,0x2b,0x23,0xa0,0x7c,0x2a,0x23,0xff,
        0x7c,0x2a,0x23,0xff,0x7c,0x2a,0x23,0xff,0x7c,0x2a,0x23,0xff,0x7c,0x2a,0x23,0xff,
        0x7c,0x2a,0x23,0xff,0x7c,0x2a,0x23,0xff,0x7c,0x2a,0x23,0xff,0x7c,0x2a,0x23,0xff,
        0x7c,0x2a,0x23,0xff,0x7c,0x2a,0x23,0xff,0x7c,0x2a,0x23,0xff,0x7c,0x2a,0x23,0xff,
        0x7c,0x2a,0x23,0xff,0x7c,0x2a,0x23,0xff,0x7c,0x2a,0x23,0xff,0x7c,0x2a,0x23,0xff,
        0x7c,0x2a,0x23,0xff,0x7c,0x2a,0x23,0xff,0x7c,0x2a,0x23,0xff,0x7c,0x2a,0x23,0xff,
        0x7c,0x2a,0x23,0xff,0x7c,0x2a,0x23,0xff,0x7c,0x2a,0x23,0xff,0x7c,0x2a,0x23,0xff,
        0x7c,0x2a,0x23,0xff,0x7c,0x2c,0x24,0x40,0x00,0x00,0x00,0x00,0x00,0x00,0x00,0x00,
        0x97,0x40,0x20,0x20,0x95,0x3a,0x1e,0x7f,0x93,0x3c,0x20,0x40,0x00,0x00,0x00,0x00,
        0x00,0x00,0x00,0x00,0xaf,0x50,0x20,0x10,0xa8,0x4f,0x16,0xf0,0xa8,0x4e,0x16,0xff,
        0xa8,0x4e,0x16,0xff,0xa8,0x4e,0x16,0xff,0xa8,0x4e,0x16,0xff,0xa8,0x4e,0x16,0xff,
        0xa8,0x4e,0x16,0xff,0xa8,0x4e,0x16,0xff,0xa8,0x4e,0x16,0xff,0xa8,0x4e,0x16,0xff,
        0xa8,0x4e,0x16,0xff,0xa8,0x4e,0x16,0xff,0xa8,0x4e,0x16,0xff,0xa8,0x4e,0x16,0xff,
        0xa8,0x4e,0x16,0xff,0xa8,0x4e,0x16,0xff,0xa8,0x4e,0x16,0xff,0xa8,0x4e,0x16,0xff,
        0xa8,0x4e,0x16,0xff,0xa7,0x4e,0x16,0x80,0x00,0x00,0x00,0x00,0x00,0x00,0x00,0x00,
        0x00,0x00,0x00,0x00,0x00,0x00,0x00,0x00,0x00,0x00,0x00,0x00,0x00,0x00,0x00,0x00,
        0x00,0x00,0x00,0x00,0x00,0x00,0x00,0x00,0x7d,0x2b,0x25,0x60,0x7c,0x2a,0x23,0xff,
        0x7c,0x2a,0x23,0xff,0x7c,0x2a,0x23,0xff,0x7c,0x2a,0x23,0xff,0x7c,0x2a,0x23,0xff,
        0x7c,0x2a,0x23,0xff,0x7c,0x2a,0x23,0xff,0x7c,0x2a,0x23,0xff,0x7c,0x2a,0x23,0xff,
        0x7c,0x2a,0x23,0xff,0x7c,0x2a,0x23,0xff,0x7c,0x2a,0x23,0xff,0x7c,0x2a,0x23,0xff,
        0x7c,0x2a,0x23,0xff,0x7c,0x2a,0x23,0xff,0x7c,0x2a,0x23,0xff,0x7c,0x2a,0x23,0xff,
        0x7c,0x2a,0x23,0xff,0x7c,0x2a,0x23,0xff,0x7c,0x2a,0x23,0xff,0x7c,0x2a,0x23,0xff,
        0x7c,0x2a,0x23,0xff,0x7c,0x2a,0x23,0xff,0x7c,0x2a,0x23,0xff,0x7c,0x2a,0x23,0xff,
        0x7d,0x2a,0x24,0xb0,0x00,0x00,0x00,0x00,0x00,0x00,0x00,0x00,0x95,0x3a,0x20,0x30,
        0x94,0x39,0x1d,0xff,0x94,0x39,0x1d,0xff,0x94,0x39,0x1d,0xff,0x93,0x3a,0x1e,0x80,
        0x00,0x00,0x00,0x00,0x00,0x00,0x00,0x00,0xa8,0x50,0x17,0x70,0xa8,0x4e,0x16,0xff,
        0xa8,0x4e,0x16,0xff,0xa8,0x4e,0x16,0xff,0xa8,0x4e,0x16,0xff,0xa8,0x4e,0x16,0xff,
        0xa8,0x4e,0x16,0xff,0xa8,0x4e,0x16,0xff,0xa8,0x4e,0x16,0xff,0xa8,0x4e,0x16,0xff,
        0xa8,0x4e,0x16,0xff,0xa8,0x4e,0x16,0xff,0xa8,0x4e,0x16,0xff,0xa8,0x4e,0x16,0xff,
        0xa8,0x4e,0x16,0xff,0xa8,0x4e,0x16,0xff,0xa8,0x4e,0x16,0xff,0xa8,0x4e,0x16,0xff,
        0xa8,0x4e,0x16,0xff,0xa7,0x50,0x18,0x40,0x00,0x00,0x00,0x00,0x00,0x00,0x00,0x00,
        0x00,0x00,0x00,0x00,0x00,0x00,0x00,0x00,0x00,0x00,0x00,0x00,0x00,0x00,0x00,0x00,
        0x00,0x00,0x00,0x00,0x00,0x00,0x00,0x00,0x80,0x2b,0x25,0x30,0x7c,0x2a,0x23,0xff,
        0x7c,0x2a,0x23,0xff,0x7c,0x2a,0x23,0xff,0x7c,0x2a,0x23,0xff,0x7c,0x2a,0x23,0xff,
        0x7c,0x2a,0x23,0xff,0x7c,0x2a,0x23,0xff,0x7c,0x2a,0x23,0xff,0x7c,0x2a,0x23,0xff,
        0x7c,0x2a,0x23,0xff,0x7c,0x2a,0x23,0xff,0x7c,0x2a,0x23,0xff,0x7c,0x2a,0x23,0xff,
        0x7c,0x2a,0x23,0xff,0x7c,0x2a,0x23,0xff,0x7c,0x2a,0x23,0xff,0x7c,0x2a,0x23,0xff,
        0x7c,0x2a,0x23,0xff,0x7c,0x2a,0x23,0xff,0x7c,0x2a,0x23,0xff,0x7c,0x2a,0x23,0xff,
        0x7c,0x2a,0x23,0xff,0x7c,0x2a,0x23,0xff,0x7c,0x2a,0x23,0xff,0x7c,0x2a,0x23,0xff,
        0x80,0x30,0x28,0x20,0x00,0x00,0x00,0x00,0x00,0x00,0x00,0x00,0x94,0x3a,0x1e,0xcf,
        0x94,0x39,0x1d,0xff,0x94,0x39,0x1d,0xff,0x94,0x39,0x1d,0xff,0x94,0x39,0x1d,0xff,
        0x97,0x40,0x20,0x20,0x00,0x00,0x00,0x00,0x00,0x00,0x00,0x00,0xa8,0x4e,0x16,0xd0,
        0xa8,0x4e,0x16,0xff,0xa8,0x4e,0x16,0xff,0xa8,0x4e,0x16,0xff,0xa8,0x4e,0x16,0xff,
        0xa8,0x4e,0x16,0xff,0xa8,0x4e,0x16,0xff,0xa8,0x4e,0x16,0xff,0xa8,0x4e,0x16,0xff,
        0xa8,0x4e,0x16,0xff,0xa8,0x4e,0x16,0xff,0xa8,0x4e,0x16,0xff,0xa8,0x4e,0x16,0xff,
        0xa8,0x4e,0x16,0xff,0xa8,0x4e,0x16,0xff,0xa8,0x4e,0x16,0xff,0xa8,0x4e,0x16,0xff,
        0xa8,0x4e,0x16,0xff,0x00,0x00,0x00,0x00,0x00,0x00,0x00,0x00,0x00,0x00,0x00,0x00,
        0x00,0x00,0x00,0x00,0x00,0x00,0x00,0x00,0x00,0x00,0x00,0x00,0x00,0x00,0x00,0x00,
        0x00,0x00,0x00,0x00,0x00,0x00,0x00,0x00,0x00,0x00,0x00,0x00,0x7c,0x2b,0x23,0xf0,
        0x7c,0x2a,0x23,0xff,0x7c,0x2a,0x23,0xff,0x7c,0x2a,0x23,0xff,0x7c,0x2a,0x23,0xff,
        0x7c,0x2a,0x23,0xff,0x7c,0x2a,0x23,0xff,0x7c,0x2a,0x23,0xff,0x7c,0x2a,0x23,0xff,
        0x7c,0x2a,0x23,0xff,0x7c,0x2a,0x23,0xff,0x7c,0x2a,0x23,0xff,0x7c,0x2a,0x23,0xff,
        0x7c,0x2a,0x23,0xff,0x7c,0x2a,0x23,0xff,0x7c,0x2a,0x23,0xff,0x7c,0x2a,0x23,0xff,
        0x7c,0x2a,0x23,0xff,0x7c,0x2a,0x23,0xff,0x7c,0x2a,0x23,0xff,0x7c,0x2a,0x23,0xff,
        0x7c,0x2a,0x23,0xff,0x7c,0x2a,0x23,0xff,0x7c,0x2a,0x23,0xff,0x7c,0x2a,0x24,0x80,
        0x00,0x00,0x00,0x00,0x00,0x00,0x00,0x00,0x94,0x39,0x1e,0x70,0x94,0x39,0x1d,0xff,
        0x94,0x39,0x1d,0xff,0x94,0x39,0x1d,0xff,0x94,0x39,0x1d,0xff,0x94,0x39,0x1d,0xff,
        0x95,0x39,0x1d,0xaf,0x00,0x00,0x00,0x00,0x00,0x00,0x00,0x00,0xa7,0x50,0x18,0x40,
        0xa8,0x4e,0x16,0xff,0xa8,0x4e,0x16,0xff,0xa8,0x4e,0x16,0xff,0xa8,0x4e,0x16,0xff,
        0xa8,0x4e,0x16,0xff,0xa8,0x4e,0x16,0xff,0xa8,0x4e,0x16,0xff,0xa8,0x4e,0x16,0xff,
        0xa8,0x4e,0x16,0xff,0xa8,0x4e,0x16,0xff,0xa8,0x4e,0x16,0xff,0xa8,0x4e,0x16,0xff,
        0xa8,0x4e,0x16,0xff,0xa8,0x4e,0x16,0xff,0xa8,0x4e,0x16,0xff,0xa8,0x4e,0x16,0xff,
        0xa7,0x4e,0x17,0xc0,0x00,0x00,0x00,0x00,0x00,0x00,0x00,0x00,0x00,0x00,0x00,0x00,
        0x00,0x00,0x00,0x00,0x00,0x00,0x00,0x00,0x00,0x00,0x00,0x00,0x00,0x00,0x00,0x00,
        0x00,0x00,0x00,0x00,0x00,0x00,0x00,0x00,0x00,0x00,0x00,0x00,0x7c,0x2b,0x24,0xc0,
        0x7c,0x2a,0x23,0xff,0x7c,0x2a,0x23,0xff,0x7c,0x2a,0x23,0xff,0x7c,0x2a,0x23,0xff,
        0x7c,0x2a,0x23,0xff,0x7c,0x2a,0x23,0xff,0x7c,0x2a,0x23,0xff,0x7c,0x2a,0x23,0xff,
        0x7c,0x2a,0x23,0xff,0x7c,0x2a,0x23,0xff,0x7c,0x2a,0x23,0xff,0x7c,0x2a,0x23,0xff,
        0x7c,0x2a,0x23,0xff,0x7c,0x2a,0x23,0xff,0x7c,0x2a,0x23,0xff,0x7c,0x2a,0x23,0xff,
        0x7c,0x2a,0x23,0xff,0x7c,0x2a,0x23,0xff,0x7c,0x2a,0x23,0xff,0x7c,0x2a,0x23,0xff,
        0x7c,0x2a,0x23,0xff,0x7c,0x2a,0x23,0xff,0x7c,0x2b,0x23,0xf0,0x80,0x30,0x30,0x10,
        0x00,0x00,0x00,0x00,0x9f,0x40,0x20,0x10,0x94,0x3a,0x1e,0xef,0x94,0x39,0x1d,0xff,
        0x94,0x39,0x1d,0xff,0x94,0x39,0x1d,0xff,0x94,0x39,0x1d,0xff,0x94,0x39,0x1d,0xff,
        0x94,0x39,0x1d,0xff,0x93,0x3c,0x20,0x40,0x00,0x00,0x00,0x00,0x00,0x00,0x00,0x00,
        0xa8,0x4e,0x17,0xb0,0xa8,0x4e,0x16,0xff,0xa8,0x4e,0x16,0xff,0xa8,0x4e,0x16,0xff,
        0xa8,0x4e,0x16,0xff,0xa8,0x4e,0x16,0xff,0xa8,0x4e,0x16,0xff,0xa8,0x4e,0x16,0xff,
        0xa8,0x4e,0x16,0xff,0xa8,0x4e,0x16,0xff,0xa8,0x4e,0x16,0xff,0xa8,0x4e,0x16,0xff,
        0xa8,0x4e,0x16,0xff,0xa8,0x4e,0x16,0xff,0xa8,0x4e,0x16,0xff,0xa8,0x4e,0x16,0xff,
        0xa7,0x50,0x18,0x60,0x00,0x00,0x00,0x00,0x00,0x00,0x00,0x00,0x00,0x00,0x00,0x00,
        0x00,0x00,0x00,0x00,0x00,0x00,0x00,0x00,0x00,0x00,0x00,0x00,0x00,0x00,0x00,0x00,
        0x00,0x00,0x00,0x00,0x00,0x00,0x00,0x00,0x00,0x00,0x00,0x00,0x7c,0x2a,0x24,0x80,
        0x7c,0x2a,0x23,0xff,0x7c,0x2a,0x23,0xff,0x7c,0x2a,0x23,0xff,0x7c,0x2a,0x23,0xff,
        0x7c,0x2a,0x23,0xff,0x7c,0x2a,0x23,0xff,0x7c,0x2a,0x23,0xff,0x7c,0x2a,0x23,0xff,
        0x7c,0x2a,0x23,0xff,0x7c,0x2a,0x23,0xff,0x7c,0x2a,0x23,0xff,0x7c,0x2a,0x23,0xff,
        0x7c,0x2a,0x23,0xff,0x7c,0x2a,0x23,0xff,0x7c,0x2a,0x23,0xff,0x7c,0x2a,0x23,0xff,
        0x7c,0x2a,0x23,0xff,0x7c,0x2a,0x23,0xff,0x7c,0x2a,0x23,0xff,0x7c,0x2a,0x23,0xff,
        0x7c,0x2a,0x23,0xff,0x7c,0x2a,0x23,0xff,0x7d,0x2b,0x25,0x60,0x00,0x00,0x00,0x00,
        0x00,0x00,0x00,0x00,0x95,0x3a,0x1e,0x90,0x94,0x39,0x1d,0xff,0x94,0x39,0x1d,0xff,
        0x94,0x39,0x1d,0xff,0x94,0x39,0x1d,0xff,0x94,0x39,0x1d,0xff,0x94,0x39,0x1d,0xff,
        0x94,0x39,0x1d,0xff,0x94,0x39,0x1e,0xdf,0x00,0x00,0x00,0x00,0x00,0x00,0x00,0x00,
        0xa7,0x50,0x18,0x20,0xa8,0x4e,0x16,0xff,0xa8,0x4e,0x16,0xff,0xa8,0x4e,0x16,0xff,
        0xa8,0x4e,0x16,0xff,0xa8,0x4e,0x16,0xff,0xa8,0x4e,0x16,0xff,0xa8,0x4e,0x16,0xff,
        0xa8,0x4e,0x16,0xff,0xa8,0x4e,0x16,0xff,0xa8,0x4e,0x16,0xff,0xa8,0x4e,0x16,0xff,
        0xa8,0x4e,0x16,0xff,0xa8,0x4e,0x16,0xff,0xa8,0x4e,0x16,0xff,0xa7,0x4f,0x17,0xe0,
        0x00,0x00,0x00,0x00,0x00,0x00,0x00,0x00,0x00,0x00,0x00,0x00,0x00,0x00,0x00,0x00,
        0x00,0x00,0x00,0x00,0x00,0x00,0x00,0x00,0x00,0x00,0x00,0x00,0x00,0x00,0x00,0x00,
        0x00,0x00,0x00,0x00,0x00,0x00,0x00,0x00,0x00,0x00,0x00,0x00,0x80,0x30,0x28,0x20,
        0x7c,0x2a,0x23,0xff,0x7c,0x2a,0x23,0xff,0x7c,0x2a,0x23,0xff,0x7c,0x2a,0x23,0xff,
        0x7c,0x2a,0x23,0xff,0x7c,0x2a,0x23,0xff,0x7c,0x2a,0x23,0xff,0x7c,0x2a,0x23,0xff,
        0x7c,0x2a,0x23,0xff,0x7c,0x2a,0x23,0xff,0x7c,0x2a,0x23,0xff,0x7c,0x2a,0x23,0xff,
        0x7c,0x2a,0x23,0xff,0x7c,0x2a,0x23,0xff,0x7c,0x2a,0x23,0xff,0x7c,0x2a,0x23,0xff,
        0x7c,0x2a,0x23,0xff,0x7c,0x2a,0x23,0xff,0x7c,0x2a,0x23,0xff,0x7c,0x2a,0x23,0xff,
        0x7c,0x2a,0x23,0xff,0x7c,0x2b,0x24,0xc0,0x00,0x00,0x00,0x00,0x00,0x00,0x00,0x00,
        0x97,0x40,0x20,0x20,0x94,0x39,0x1d,0xff,0x94,0x39,0x1d,0xff,0x94,0x39,0x1d,0xff,
        0x94,0x39,0x1d,0xff,0x94,0x39,0x1d,0xff,0x94,0x39,0x1d,0xff,0x94,0x39,0x1d,0xff,
        0x94,0x39,0x1d,0xff,0x94,0x39,0x1d,0xff,0x94,0x39,0x1e,0x70,0x00,0x00,0x00,0x00,
        0x00,0x00,0x00,0x00,0xa7,0x4e,0x16,0x80,0xa8,0x4e,0x16,0xff,0xa8,0x4e,0x16,0xff,
        0xa8,0x4e,0x16,0xff,0xa8,0x4e,0x16,0xff,0xa8,0x4e,0x16,0xff,0xa8,0x4e,0x16,0xff,
        0xa8,0x4e,0x16,0xff,0xa8,0x4e,0x16,0xff,0xa8,0x4e,0x16,0xff,0xa8,0x4e,0x16,0xff,
        0xa8,0x4e,0x16,0xff,0xa8,0x4e,0x16,0xff,0xa8,0x4e,0x16,0xff,0xa7,0x4e,0x16,0x80,
        0x00,0x00,0x00,0x00,0x00,0x00,0x00,0x00,0x00,0x00,0x00,0x00,0x00,0x00,0x00,0x00,
        0x00,0x00,0x00,0x00,0x00,0x00,0x00,0x00,0x00,0x00,0x00,0x00,0x00,0x00,0x00,0x00,
        0x00,0x00,0x00,0x00,0x00,0x00,0x00,0x00,0x00,0x00,0x00,0x00,0x00,0x00,0x00,0x00,
        0x7d,0x2a,0x24,0xb0,0x7c,0x2a,0x23,0xff,0x7c,0x2a,0x23,0xff,0x7c,0x2a,0x23,0xff,
        0x7c,0x2a,0x23,0xff,0x7c,0x2a,0x23,0xff,0x7c,0x2a,0x23,0xff,0x7c,0x2a,0x23,0xff,
        0x7c,0x2a,0x23,0xff,0x7c,0x2a,0x23,0xff,0x7c,0x2a,0x23,0xff,0x7c,0x2a,0x23,0xff,
        0x7c,0x2a,0x23,0xff,0x7c,0x2a,0x23,0xff,0x7c,0x2a,0x23,0xff,0x7c,0x2a,0x23,0xff,
        0x7c,0x2a,0x23,0xff,0x7c,0x2a,0x23,0xff,0x7c,0x2a,0x23,0xff,0x7c,0x2a,0x23,0xff,
        0x7c,0x2a,0x23,0xff,0x7c,0x2c,0x24,0x40,0x00,0x00,0x00,0x00,0x00,0x00,0x00,0x00,
        0x94,0x39,0x1d,0xbf,0x94,0x39,0x1d,0xff,0x94,0x39,0x1d,0xff,0x94,0x39,0x1d,0xff,
        0x94,0x39,0x1d,0xff,0x94,0x39,0x1d,0xff,0x94,0x39,0x1d,0xff,0x94,0x39,0x1d,0xff,
        0x94,0x39,0x1d,0xff,0x94,0x39,0x1d,0xff,0x94,0x3a,0x1e,0xef,0x9f,0x40,0x20,0x10,
        0x00,0x00,0x00,0x00,0xaf,0x50,0x20,0x10,0xa8,0x4f,0x16,0xf0,0xa8,0x4e,0x16,0xff,
        0xa8,0x4e,0x16,0xff,0xa8,0x4e,0x16,0xff,0xa8,0x4e,0x16,0xff,0xa8,0x4e,0x16,0xff,
        0xa8,0x4e,0x16,0xff,0xa8,0x4e,0x16,0xff,0xa8,0x4e,0x16,0xff,0xa8,0x4e,0x16,0xff,
        0xa8,0x4e,0x16,0xff,0xa8,0x4e,0x16,0xff,0xa8,0x4f,0x16,0xf0,0xaf,0x50,0x20,0x10,
        0x00,0x00,0x00,0x00,0x00,0x00,0x00,0x00,0x00,0x00,0x00,0x00,0x00,0x00,0x00,0x00,
        0x00,0x00,0x00,0x00,0x00,0x00,0x00,0x00,0x00,0x00,0x00,0x00,0x00,0x00,0x00,0x00,
        0x00,0x00,0x00,0x00,0x00,0x00,0x00,0x00,0x00,0x00,0x00,0x00,0x00,0x00,0x00,0x00,
        0x7c,0x2c,0x24,0x40,0x7c,0x2a,0x23,0xff,0x7c,0x2a,0x23,0xff,0x7c,0x2a,0x23,0xff,
        0x7c,0x2a,0x23,0xff,0x7c,0x2a,0x23,0xff,0x7c,0x2a,0x23,0xff,0x7c,0x2a,0x23,0xff,
        0x7c,0x2a,0x23,0xff,0x7c,0x2a,0x23,0xff,0x7c,0x2a,0x23,0xff,0x7c,0x2a,0x23,0xff,
        0x7c,0x2a,0x23,0xff,0x7c,0x2a,0x23,0xff,0x7c,0x2a,0x23,0xff,0x7c,0x2a,0x23,0xff,
        0x7c,0x2a,0x23,0xff,0x7c,0x2a,0x23,0xff,0x7c,0x2a,0x23,0xff,0x7c,0x2a,0x23,0xff,
        0x7c,0x2b,0x23,0xa0,0x00,0x00,0x00,0x00,0x00,0x00,0x00,0x00,0x96,0x39,0x20,0x50,
        0x94,0x39,0x1d,0xff,0x94,0x39,0x1d,0xff,0x94,0x39,0x1d,0xff,0x94,0x39,0x1d,0xff,
        0x94,0x39,0x1d,0xff,0x94,0x39,0x1d,0xff,0x94,0x39,0x1d,0xff,0x94,0x39,0x1d,0xff,
        0x94,0x39,0x1d,0xff,0x94,0x39,0x1d,0xff,0x94,0x39,0x1d,0xff,0x95,0x3a,0x1e,0x90,
        0x00,0x00,0x00,0x00,0x00,0x00,0x00,0x00,0xa7,0x50,0x18,0x60,0xa8,0x4e,0x16,0xff,
        0xa8,0x4e,0x16,0xff,0xa8,0x4e,0x16,0xff,0xa8,0x4e,0x16,0xff,0xa8,0x4e,0x16,0xff,
        0xa8,0x4e,0x16,0xff,0xa8,0x4e,0x16,0xff,0xa8,0x4e,0x16,0xff,0xa8,0x4e,0x16,0xff,
        0xa8,0x4e,0x16,0xff,0xa8,0x4e,0x16,0xff,0xa7,0x50,0x18,0x60,0x00,0x00,0x00,0x00,
        0x00,0x00,0x00,0x00,0x00,0x00,0x00,0x00,0x00,0x00,0x00,0x00,0x00,0x00,0x00,0x00,
        0x00,0x00,0x00,0x00,0x00,0x00,0x00,0x00,0x00,0x00,0x00,0x00,0x00,0x00,0x00,0x00,
        0x00,0x00,0x00,0x00,0x00,0x00,0x00,0x00,0x00,0x00,0x00,0x00,0x00,0x00,0x00,0x00,
        0x00,0x00,0x00,0x00,0x7c,0x2b,0x24,0xd0,0x7c,0x2a,0x23,0xff,0x7c,0x2a,0x23,0xff,
        0x7c,0x2a,0x23,0xff,0x7c,0x2a,0x23,0xff,0x7c,0x2a,0x23,0xff,0x7c,0x2a,0x23,0xff,
        0x7c,0x2a,0x23,0xff,0x7c,0x2a,0x23,0xff,0x7c,0x2a,0x23,0xff,0x7c,0x2a,0x23,0xff,
        0x7c,0x2a,0x23,0xff,0x7c,0x2a,0x23,0xff,0x7c,0x2a,0x23,0xff,0x7c,0x2a,0x23,0xff,
        0x7c,0x2a,0x23,0xff,0x7c,0x2a,0x23,0xff,0x7c,0x2a,0x23,0xff,0x7c,0x2b,0x23,0xf0,
        0x80,0x30,0x28,0x20,0x00,0x00,0x00,0x00,0x00,0x00,0x00,0x00,0x94,0x39,0x1e,0xdf,
        0x94,0x39,0x1d,0xff,0x94,0x39,0x1d,0xff,0x94,0x39,0x1d,0xff,0x94,0x39,0x1d,0xff,
        0x94,0x39,0x1d,0xff,0x94,0x39,0x1d,0xff,0x94,0x39,0x1d,0xff,0x94,0x39,0x1d,0xff,
        0x94,0x39,0x1d,0xff,0x94,0x39,0x1d,0xff,0x94,0x39,0x1d,0xff,0x94,0x39,0x1d,0xff,
        0x97,0x40,0x20,0x20,0x00,0x00,0x00,0x00,0x00,0x00,0x00,0x00,0xa7,0x4e,0x17,0xc0,
        0xa8,0x4e,0x16,0xff,0xa8,0x4e,0x16,0xff,0xa8,0x4e,0x16,0xff,0xa8,0x4e,0x16,0xff,
        0xa8,0x4e,0x16,0xff,0xa8,0x4e,0x16,0xff,0xa8,0x4e,0x16,0xff,0xa8,0x4e,0x16,0xff,
        0xa8,0x4e,0x16,0xff,0xa8,0x4e,0x17,0xb0,0x00,0x00,0x00,0x00,0x00,0x00,0x00,0x00,
        0x00,0x00,0x00,0x00,0x00,0x00,0x00,0x00,0x00,0x00,0x00,0x00,0x00,0x00,0x00,0x00,
        0x00,0x00,0x00,0x00,0x00,0x00,0x00,0x00,0x00,0x00,0x00,0x00,0x00,0x00,0x00,0x00,
        0x00,0x00,0x00,0x00,0x00,0x00,0x00,0x00,0x00,0x00,0x00,0x00,0x00,0x00,0x00,0x00,
        0x00,0x00,0x00,0x00,0x7d,0x2b,0x25,0x60,0x7c,0x2a,0x23,0xff,0x7c,0x2a,0x23,0xff,
        0x7c,0x2a,0x23,0xff,0x7c,0x2a,0x23,0xff,0x7c,0x2a,0x23,0xff,0x7c,0x2a,0x23,0xff,
        0x7c,0x2a,0x23,0xff,0x7c,0x2a,0x23,0xff,0x7c,0x2a,0x23,0xff,0x7c,0x2a,0x23,0xff,
        0x7c,0x2a,0x23,0xff,0x7c,0x2a,0x23,0xff,0x7c,0x2a,0x23,0xff,0x7c,0x2a,0x23,0xff,
        0x7c,0x2a,0x23,0xff,0x7c,0x2a,0x23,0xff,0x7c,0x2a,0x23,0xff,0x7c,0x2a,0x24,0x80,
        0x00,0x00,0x00,0x00,0x00,0x00,0x00,0x00,0x93,0x3a,0x1e,0x80,0x94,0x39,0x1d,0xff,
        0x94,0x39,0x1d,0xff,0x94,0x39,0x1d,0xff,0x94,0x39,0x1d,0xff,0x94,0x39,0x1d,0xff,
        0x94,0x39,0x1d,0xff,0x94,0x39,0x1d,0xff,0x94,0x39,0x1d,0xff,0x94,0x39,0x1d,0xff,
        0x94,0x39,0x1d,0xff,0x94,0x39,0x1d,0xff,0x94,0x39,0x1d,0xff,0x94,0x39,0x1d,0xff,
        0x94,0x39,0x1d,0xbf,0x00,0x00,0x00,0x00,0x00,0x00,0x00,0x00,0xa7,0x50,0x18,0x40,
        0xa8,0x4e,0x16,0xff,0xa8,0x4e,0x16,0xff,0xa8,0x4e,0x16,0xff,0xa8,0x4e,0x16,0xff,
        0xa8,0x4e,0x16,0xff,0xa8,0x4e,0x16,0xff,0xa8,0x4e,0x16,0xff,0xa8,0x4e,0x16,0xff,
        0xa7,0x4f,0x17,0xe0,0xaf,0x50,0x20,0x10,0x00,0x00,0x00,0x00,0x00,0x00,0x00,0x00,
        0x00,0x00,0x00,0x00,0x00,0x00,0x00,0x00,0x00,0x00,0x00,0x00,0x00,0x00,0x00,0x00,
        0x00,0x00,0x00,0x00,0x00,0x00,0x00,0x00,0x00,0x00,0x00,0x00,0x00,0x00,0x00,0x00,
        0x00,0x00,0x00,0x00,0x00,0x00,0x00,0x00,0x00,0x00,0x00,0x00,0x00,0x00,0x00,0x00,
        0x00,0x00,0x00,0x00,0x00,0x00,0x00,0x00,0x7c,0x2a,0x23,0xe0,0x7c,0x2a,0x23,0xff,
        0x7c,0x2a,0x23,0xff,0x7c,0x2a,0x23,0xff,0x7c,0x2a,0x23,0xff,0x7c,0x2a,0x23,0xff,
        0x7c,0x2a,0x23,0xff,0x7c,0x2a,0x23,0xff,0x7c,0x2a,0x23,0xff,0x7c,0x2a,0x23,0xff,
        0x7c,0x2a,0x23,0xff,0x7c,0x2a,0x23,0xff,0x7c,0x2a,0x23,0xff,0x7c,0x2a,0x23,0xff,
        0x7c,0x2a,0x23,0xff,0x7c,0x2a,0x23,0xff,0x7c,0x2a,0x23,0xe0,0x80,0x30,0x30,0x10,
        0x00,0x00,0x00,0x00,0x9f,0x40,0x20,0x10,0x94,0x3a,0x1e,0xef,0x94,0x39,0x1d,0xff,
        0x94,0x39,0x1d,0xff,0x94,0x39,0x1d,0xff,0x94,0x39,0x1d,0xff,0x94,0x39,0x1d,0xff,
        0x94,0x39,0x1d,0xff,0x94,0x39,0x1d,0xff,0x94,0x39,0x1d,0xff,0x94,0x39,0x1d,0xff,
        0x94,0x39,0x1d,0xff,0x94,0x39,0x1d,0xff,0x94,0x39,0x1d,0xff,0x94,0x39,0x1d,0xff,
        0x94,0x39,0x1d,0xff,0x96,0x39,0x20,0x50,0x00,0x00,0x00,0x00,0x00,0x00,0x00,0x00,
        0xa7,0x4e,0x16,0xa0,0xa8,0x4e,0x16,0xff,0xa8,0x4e,0x16,0xff,0xa8,0x4e,0x16,0xff,
        0xa8,0x4e,0x16,0xff,0xa8,0x4e,0x16,0xff,0xa8,0x4e,0x16,0xff,0xa8,0x4f,0x16,0xf0,
        0xaa,0x50,0x1b,0x30,0x00,0x00,0x00,0x00,0x00,0x00,0x00,0x00,0x00,0x00,0x00,0x00,
        0x00,0x00,0x00,0x00,0x00,0x00,0x00,0x00,0x00,0x00,0x00,0x00,0x00,0x00,0x00,0x00,
        0x00,0x00,0x00,0x00,0x00,0x00,0x00,0x00,0x00,0x00,0x00,0x00,0x00,0x00,0x00,0x00,
        0x00,0x00,0x00,0x00,0x00,0x00,0x00,0x00,0x00,0x00,0x00,0x00,0x00,0x00,0x00,0x00,
        0x00,0x00,0x00,0x00,0x00,0x00,0x00,0x00,0x80,0x2b,0x25,0x30,0x7c,0x2a,0x23,0xff,
        0x7c,0x2a,0x23,0xff,0x7c,0x2a,0x23,0xff,0x7c,0x2a,0x23,0xff,0x7c,0x2a,0x23,0xff,
        0x7c,0x2a,0x23,0xff,0x7c,0x2a,0x23,0xff,0x7c,0x2a,0x23,0xff,0x7c,0x2a,0x23,0xff,
        0x7c,0x2a,0x23,0xff,0x7c,0x2a,0x23,0xff,0x7c,0x2a,0x23,0xff,0x7c,0x2a,0x23,0xff,
        0x7c,0x2a,0x23,0xff,0x7c,0x2a,0x23,0xff,0x7c,0x2d,0x23,0x50,0x00,0x00,0x00,0x00,
        0x00,0x00,0x00,0x00,0x94,0x39,0x1e,0xa0,0x94,0x39,0x1d,0xff,0x94,0x39,0x1d,0xff,
        0x94,0x39,0x1d,0xff,0x94,0x39,0x1d,0xff,0x94,0x39,0x1d,0xff,0x94,0x39,0x1d,0xff,
        0x94,0x39,0x1d,0xff,0x94,0x39,0x1d,0xff,0x94,0x39,0x1d,0xff,0x94,0x39,0x1d,0xff,
        0x94,0x39,0x1d,0xff,0x94,0x39,0x1d,0xff,0x94,0x39,0x1d,0xff,0x94,0x39,0x1d,0xff,
        0x94,0x39,0x1d,0xff,0x94,0x39,0x1e,0xdf,0x00,0x00,0x00,0x00,0x00,0x00,0x00,0x00,
        0xa7,0x50,0x18,0x20,0xa8,0x4f,0x16,0xf0,0xa8,0x4e,0x16,0xff,0xa8,0x4e,0x16,0xff,
        0xa8,0x4e,0x16,0xff,0xa8,0x4e,0x16,0xff,0xa8,0x4f,0x16,0xf0,0xaa,0x50,0x1b,0x30,
        0x00,0x00,0x00,0x00,0x00,0x00,0x00,0x00,0x00,0x00,0x00,0x00,0x00,0x00,0x00,0x00,
        0x00,0x00,0x00,0x00,0x00,0x00,0x00,0x00,0x00,0x00,0x00,0x00,0x00,0x00,0x00,0x00,
        0x00,0x00,0x00,0x00,0x00,0x00,0x00,0x00,0x00,0x00,0x00,0x00,0x00,0x00,0x00,0x00,
        0x00,0x00,0x00,0x00,0x00,0x00,0x00,0x00,0x00,0x00,0x00,0x00,0x00,0x00,0x00,0x00,
        0x00,0x00,0x00,0x00,0x00,0x00,0x00,0x00,0x00,0x00,0x00,0x00,0x7d,0x2b,0x24,0x70,
        0x7c,0x2a,0x23,0xff,0x7c,0x2a,0x23,0xff,0x7c,0x2a,0x23,0xff,0x7c,0x2a,0x23,0xff,
        0x7c,0x2a,0x23,0xff,0x7c,0x2a,0x23,0xff,0x7c,0x2a,0x23,0xff,0x7c,0x2a,0x23,0xff,
        0x7c,0x2a,0x23,0xff,0x7c,0x2a,0x23,0xff,0x7c,0x2a,0x23,0xff,0x7c,0x2a,0x23,0xff,
        0x7c,0x2a,0x23,0xff,0x7c,0x2b,0x24,0xc0,0x00,0x00,0x00,0x00,0x00,0x00,0x00,0x00,
        0x95,0x3a,0x20,0x30,0x94,0x39,0x1d,0xff,0x94,0x39,0x1d,0xff,0x94,0x39,0x1d,0xff,
        0x94,0x39,0x1d,0xff,0x94,0x39,0x1d,0xff,0x94,0x39,0x1d,0xff,0x94,0x39,0x1d,0xff,
        0x94,0x39,0x1d,0xff,0x94,0x39,0x1d,0xff,0x94,0x39,0x1d,0xff,0x94,0x39,0x1d,0xff,
        0x94,0x39,0x1d,0xff,0x94,0x39,0x1d,0xff,0x94,0x39,0x1d,0xff,0x94,0x39,0x1d,0xff,
        0x94,0x39,0x1d,0xff,0x94,0x39,0x1d,0xff,0x93,0x3a,0x1e,0x80,0x00,0x00,0x00,0x00,
        0x00,0x00,0x00,0x00,0xa7,0x4e,0x16,0x80,0xa8,0x4e,0x16,0xff,0xa8,0x4e,0x16,0xff,
        0xa8,0x4e,0x16,0xff,0xa8,0x4f,0x16,0xf0,0xaa,0x50,0x1b,0x30,0x00,0x00,0x00,0x00,
        0x00,0x00,0x00,0x00,0x00,0x00,0x00,0x00,0x00,0x00,0x00,0x00,0x00,0x00,0x00,0x00,
        0x00,0x00,0x00,0x00,0x00,0x00,0x00,0x00,0x00,0x00,0x00,0x00,0x00,0x00,0x00,0x00,
        0x00,0x00,0x00,0x00,0x00,0x00,0x00,0x00,0x00,0x00,0x00,0x00,0x00,0x00,0x00,0x00,
        0x00,0x00,0x00,0x00,0x00,0x00,0x00,0x00,0x00,0x00,0x00,0x00,0x00,0x00,0x00,0x00,
        0x00,0x00,0x00,0x00,0x00,0x00,0x00,0x00,0x00,0x00,0x00,0x00,0x00,0x00,0x00,0x00,
        0x7c,0x2b,0x24,0xc0,0x7c,0x2a,0x23,0xff,0x7c,0x2a,0x23,0xff,0x7c,0x2a,0x23,0xff,
        0x7c,0x2a,0x23,0xff,0x7c,0x2a,0x23,0xff,0x7c,0x2a,0x23,0xff,0x7c,0x2a,0x23,0xff,
        0x7c,0x2a,0x23,0xff,0x7c,0x2a,0x23,0xff,0x7c,0x2a,0x23,0xff,0x7c,0x2a,0x23,0xff,
        0x7c,0x2a,0x23,0xff,0x80,0x2b,0x25,0x30,0x00,0x00,0x00,0x00,0x00,0x00,0x00,0x00,
        0x94,0x39,0x1d,0xbf,0x94,0x39,0x1d,0xff,0x94,0x39,0x1d,0xff,0x94,0x39,0x1d,0xff,
        0x94,0x39,0x1d,0xff,0x94,0x39,0x1d,0xff,0x94,0x39,0x1d,0xff,0x94,0x39,0x1d,0xff,
        0x94,0x39,0x1d,0xff,0x94,0x39,0x1d,0xff,0x94,0x39,0x1d,0xff,0x94,0x39,0x1d,0xff,
        0x94,0x39,0x1d,0xff,0x94,0x39,0x1d,0xff,0x94,0x39,0x1d,0xff,0x94,0x39,0x1d,0xff,
        0x94,0x39,0x1d,0xff,0x94,0x39,0x1d,0xff,0x94,0x3a,0x1e,0xef,0x9f,0x40,0x20,0x10,
        0x00,0x00,0x00,0x00,0x00,0x00,0x00,0x00,0xa8,0x4e,0x17,0x90,0xa8,0x4f,0x16,0xf0,
        0xa7,0x4e,0x17,0xc0,0xaa,0x50,0x1b,0x30,0x00,0x00,0x00,0x00,0x00,0x00,0x00,0x00,
        0x00,0x00,0x00,0x00,0x00,0x00,0x00,0x00,0x00,0x00,0x00,0x00,0x00,0x00,0x00,0x00,
        0x00,0x00,0x00,0x00,0x00,0x00,0x00,0x00,0x00,0x00,0x00,0x00,0x00,0x00,0x00,0x00,
        0x00,0x00,0x00,0x00,0x00,0x00,0x00,0x00,0x00,0x00,0x00,0x00,0x00,0x00,0x00,0x00,
        0x00,0x00,0x00,0x00,0x00,0x00,0x00,0x00,0x00,0x00,0x00,0x00,0x00,0x00,0x00,0x00,
        0x00,0x00,0x00,0x00,0x00,0x00,0x00,0x00,0x00,0x00,0x00,0x00,0x00,0x00,0x00,0x00,
        0x80,0x30,0x30,0x10,0x7c,0x2b,0x23,0xf0,0x7c,0x2a,0x23,0xff,0x7c,0x2a,0x23,0xff,
        0x7c,0x2a,0x23,0xff,0x7c,0x2a,0x23,0xff,0x7c,0x2a,0x23,0xff,0x7c,0x2a,0x23,0xff,
        0x7c,0x2a,0x23,0xff,0x7c,0x2a,0x23,0xff,0x7c,0x2a,0x23,0xff,0x7c,0x2a,0x23,0xff,
        0x7c,0x2b,0x23,0xa0,0x00,0x00,0x00,0x00,0x00,0x00,0x00,0x00,0x95,0x3a,0x1d,0x60,
        0x94,0x39,0x1d,0xff,0x94,0x39,0x1d,0xff,0x94,0x39,0x1d,0xff,0x94,0x39,0x1d,0xff,
        0x94,0x39,0x1d,0xff,0x94,0x39,0x1d,0xff,0x94,0x39,0x1d,0xff,0x94,0x39,0x1d,0xff,
        0x94,0x39,0x1d,0xff,0x94,0x39,0x1d,0xff,0x94,0x39,0x1d,0xff,0x94,0x39,0x1d,0xff,
        0x94,0x39,0x1d,0xff,0x94,0x39,0x1d,0xff,0x94,0x39,0x1d,0xff,0x94,0x39,0x1d,0xff,
        0x94,0x39,0x1d,0xff,0x94,0x39,0x1d,0xff,0x94,0x39,0x1d,0xff,0x94,0x39,0x1e,0xa0,
        0x00,0x00,0x00,0x00,0x00,0x00,0x00,0x00,0x00,0x00,0x00,0x00,0x00,0x00,0x00,0x00,
        0x00,0x00,0x00,0x00,0x00,0x00,0x00,0x00,0x00,0x00,0x00,0x00,0x00,0x00,0x00,0x00,
        0x00,0x00,0x00,0x00,0x00,0x00,0x00,0x00,0x00,0x00,0x00,0x00,0x00,0x00,0x00,0x00,
        0x00,0x00,0x00,0x00,0x00,0x00,0x00,0x00,0x00,0x00,0x00,0x00,0x00,0x00,0x00,0x00,
        0x00,0x00,0x00,0x00,0x00,0x00,0x00,0x00,0x00,0x00,0x00,0x00,0x00,0x00,0x00,0x00,
        0x00,0x00,0x00,0x00,0x00,0x00,0x00,0x00,0x00,0x00,0x00,0x00,0x00,0x00,0x00,0x00,
        0x00,0x00,0x00,0x00,0x00,0x00,0x00,0x00,0x00,0x00,0x00,0x00,0x00,0x00,0x00,0x00,
        0x00,0x00,0x00,0x00,0x7c,0x2c,0x24,0x40,0x7c,0x2b,0x23,0xf0,0x7c,0x2a,0x23,0xff,
        0x7c,0x2a,0x23,0xff,0x7c,0x2a,0x23,0xff,0x7c,0x2a,0x23,0xff,0x7c,0x2a,0x23,0xff,
        0x7c,0x2a,0x23,0xff,0x7c,0x2a,0x23,0xff,0x7c,0x2a,0x23,0xff,0x7c,0x2b,0x23,0xf0,
        0x80,0x30,0x30,0x10,0x00,0x00,0x00,0x00,0x9f,0x40,0x20,0x10,0x94,0x39,0x1e,0xdf,
        0x94,0x39,0x1d,0xff,0x94,0x39,0x1d,0xff,0x94,0x39,0x1d,0xff,0x94,0x39,0x1d,0xff,
        0x94,0x39,0x1d,0xff,0x94,0x39,0x1d,0xff,0x94,0x39,0x1d,0xff,0x94,0x39,0x1d,0xff,
        0x94,0x39,0x1d,0xff,0x94,0x39,0x1d,0xff,0x94,0x39,0x1d,0xff,0x94,0x39,0x1d,0xff,
        0x94,0x39,0x1d,0xff,0x94,0x39,0x1d,0xff,0x94,0x39,0x1d,0xff,0x94,0x39,0x1d,0xff,
        0x94,0x39,0x1d,0xff,0x94,0x39,0x1d,0xff,0x94,0x39,0x1d,0xff,0x94,0x39,0x1d,0xff,
        0x95,0x3a,0x20,0x30,0x00,0x00,0x00,0x00,0x00,0x00,0x00,0x00,0x00,0x00,0x00,0x00,
        0x00,0x00,0x00,0x00,0x00,0x00,0x00,0x00,0x00,0x00,0x00,0x00,0x00,0x00,0x00,0x00,
        0x00,0x00,0x00,0x00,0x00,0x00,0x00,0x00,0x00,0x00,0x00,0x00,0x00,0x00,0x00,0x00,
        0x00,0x00,0x00,0x00,0x00,0x00,0x00,0x00,0x00,0x00,0x00,0x00,0x00,0x00,0x00,0x00,
        0x00,0x00,0x00,0x00,0x00,0x00,0x00,0x00,0x00,0x00,0x00,0x00,0x00,0x00,0x00,0x00,
        0x00,0x00,0x00,0x00,0x00,0x00,0x00,0x00,0x00,0x00,0x00,0x00,0x00,0x00,0x00,0x00,
        0x00,0x00,0x00,0x00,0x00,0x00,0x00,0x00,0x00,0x00,0x00,0x00,0x00,0x00,0x00,0x00,
        0x00,0x00,0x00,0x00,0x00,0x00,0x00,0x00,0x80,0x2b,0x25,0x30,0x7c,0x2b,0x23,0xf0,
        0x7c,0x2a,0x23,0xff,0x7c,0x2a,0x23,0xff,0x7c,0x2a,0x23,0xff,0x7c,0x2a,0x23,0xff,
        0x7c,0x2a,0x23,0xff,0x7c,0x2a,0x23,0xff,0x7c,0x2a,0x23,0xff,0x7c,0x2a,0x24,0x80,
        0x00,0x00,0x00,0x00,0x00,0x00,0x00,0x00,0x93,0x3a,0x1e,0x80,0x94,0x39,0x1d,0xff,
        0x94,0x39,0x1d,0xff,0x94,0x39,0x1d,0xff,0x94,0x39,0x1d,0xff,0x94,0x39,0x1d,0xff,
        0x94,0x39,0x1d,0xff,0x94,0x39,0x1d,0xff,0x94,0x39,0x1d,0xff,0x94,0x39,0x1d,0xff,
        0x94,0x39,0x1d,0xff,0x94,0x39,0x1d,0xff,0x94,0x39,0x1d,0xff,0x94,0x39,0x1d,0xff,
        0x94,0x39,0x1d,0xff,0x94,0x39,0x1d,0xff,0x94,0x39,0x1d,0xff,0x94,0x39,0x1d,0xff,
        0x94,0x39,0x1d,0xff,0x94,0x39,0x1d,0xff,0x94,0x39,0x1d,0xff,0x94,0x39,0x1d,0xff,
        0x94,0x39,0x1d,0xbf,0x00,0x00,0x00,0x00,0x00,0x00,0x00,0x00,0x00,0x00,0x00,0x00,
        0x00,0x00,0x00,0x00,0x00,0x00,0x00,0x00,0x00,0x00,0x00,0x00,0x00,0x00,0x00,0x00,
        0x00,0x00,0x00,0x00,0x00,0x00,0x00,0x00,0x00,0x00,0x00,0x00,0x00,0x00,0x00,0x00,
        0x00,0x00,0x00,0x00,0x00,0x00,0x00,0x00,0x00,0x00,0x00,0x00,0x00,0x00,0x00,0x00,
        0x00,0x00,0x00,0x00,0x00,0x00,0x00,0x00,0x00,0x00,0x00,0x00,0x00,0x00,0x00,0x00,
        0x00,0x00,0x00,0x00,0x00,0x00,0x00,0x00,0x00,0x00,0x00,0x00,0x00,0x00,0x00,0x00,
        0x00,0x00,0x00,0x00,0x00,0x00,0x00,0x00,0x00,0x00,0x00,0x00,0x00,0x00,0x00,0x00,
        0x00,0x00,0x00,0x00,0x00,0x00,0x00,0x00,0x00,0x00,0x00,0x00,0x80,0x2b,0x25,0x30,
        0x7c,0x2b,0x23,0xf0,0x7c,0x2a,0x23,0xff,0x7c,0x2a,0x23,0xff,0x7c,0x2a,0x23,0xff,
        0x7c,0x2a,0x23,0xff,0x7c,0x2a,0x23,0xff,0x7c,0x2a,0x23,0xe0,0x00,0x00,0x00,0x00,
        0x00,0x00,0x00,0x00,0x9f,0x40,0x20,0x10,0x94,0x3a,0x1e,0xef,0x94,0x39,0x1d,0xff,
        0x94,0x39,0x1d,0xff,0x94,0x39,0x1d,0xff,0x94,0x39,0x1d,0xff,0x94,0x39,0x1d,0xff,
        0x94,0x39,0x1d,0xff,0x94,0x39,0x1d,0xff,0x94,0x39,0x1d,0xff,0x94,0x39,0x1d,0xff,
        0x94,0x39,0x1d,0xff,0x94,0x39,0x1d,0xff,0x94,0x39,0x1d,0xff,0x94,0x39,0x1d,0xff,
        0x94,0x39,0x1d,0xff,0x94,0x39,0x1d,0xff,0x94,0x39,0x1d,0xff,0x94,0x39,0x1d,0xff,
        0x94,0x39,0x1d,0xff,0x94,0x39,0x1d,0xff,0x94,0x39,0x1d,0xff,0x94,0x39,0x1d,0xff,
        0x94,0x39,0x1d,0xff,0x96,0x39,0x20,0x50,0x00,0x00,0x00,0x00,0x00,0x00,0x00,0x00,
        0x00,0x00,0x00,0x00,0x00,0x00,0x00,0x00,0x00,0x00,0x00,0x00,0x00,0x00,0x00,0x00,
        0x00,0x00,0x00,0x00,0x00,0x00,0x00,0x00,0x00,0x00,0x00,0x00,0x00,0x00,0x00,0x00,
        0x00,0x00,0x00,0x00,0x00,0x00,0x00,0x00,0x00,0x00,0x00,0x00,0x00,0x00,0x00,0x00,
        0x00,0x00,0x00,0x00,0x00,0x00,0x00,0x00,0x00,0x00,0x00,0x00,0x00,0x00,0x00,0x00,
        0x00,0x00,0x00,0x00,0x00,0x00,0x00,0x00,0x00,0x00,0x00,0x00,0x00,0x00,0x00,0x00,
        0x00,0x00,0x00,0x00,0x00,0x00,0x00,0x00,0x00,0x00,0x00,0x00,0x00,0x00,0x00,0x00,
        0x00,0x00,0x00,0x00,0x00,0x00,0x00,0x00,0x00,0x00,0x00,0x00,0x00,0x00,0x00,0x00,
        0x80,0x2b,0x25,0x30,0x7c,0x2b,0x24,0xd0,0x7c,0x2a,0x23,0xff,0x7c,0x2a,0x23,0xff,
        0x7c,0x2a,0x23,0xff,0x7c,0x2a,0x23,0xff,0x7c,0x2c,0x24,0x40,0x00,0x00,0x00,0x00,
        0x00,0x00,0x00,0x00,0x93,0x3c,0x20,0x40,0x94,0x39,0x1d,0xff,0x94,0x39,0x1d,0xff,
        0x94,0x39,0x1d,0xff,0x94,0x39,0x1d,0xff,0x94,0x39,0x1d,0xff,0x94,0x39,0x1d,0xff,
        0x94,0x39,0x1d,0xff,0x94,0x39,0x1d,0xff,0x94,0x39,0x1d,0xff,0x94,0x39,0x1d,0xff,
        0x94,0x39,0x1d,0xff,0x94,0x39,0x1d,0xff,0x94,0x39,0x1d,0xff,0x94,0x39,0x1d,0xff,
        0x94,0x39,0x1d,0xff,0x94,0x39,0x1d,0xff,0x94,0x39,0x1d,0xff,0x94,0x39,0x1d,0xff,
        0x94,0x39,0x1d,0xff,0x94,0x39,0x1d,0xff,0x94,0x39,0x1d,0xff,0x94,0x39,0x1d,0xff,
        0x94,0x39,0x1d,0xff,0x93,0x3a,0x1e,0x80,0x00,0x00,0x00,0x00,0x00,0x00,0x00,0x00,
        0x00,0x00,0x00,0x00,0x00,0x00,0x00,0x00,0x00,0x00,0x00,0x00,0x00,0x00,0x00,0x00,
        0x00,0x00,0x00,0x00,0x00,0x00,0x00,0x00,0x00,0x00,0x00,0x00,0x00,0x00,0x00,0x00,
        0x00,0x00,0x00,0x00,0x00,0x00,0x00,0x00,0x00,0x00,0x00,0x00,0x00,0x00,0x00,0x00,
        0x00,0x00,0x00,0x00,0x00,0x00,0x00,0x00,0x00,0x00,0x00,0x00,0x00,0x00,0x00,0x00,
        0x00,0x00,0x00,0x00,0x00,0x00,0x00,0x00,0x00,0x00,0x00,0x00,0x00,0x00,0x00,0x00,
        0x00,0x00,0x00,0x00,0x00,0x00,0x00,0x00,0x00,0x00,0x00,0x00,0x00,0x00,0x00,0x00,
        0x00,0x00,0x00,0x00,0x00,0x00,0x00,0x00,0x00,0x00,0x00,0x00,0x00,0x00,0x00,0x00,
        0x00,0x00,0x00,0x00,0x80,0x30,0x30,0x10,0x7c,0x2b,0x24,0xd0,0x7c,0x2a,0x23,0xff,
        0x7c,0x2a,0x23,0xff,0x7c,0x2b,0x23,0xa0,0x00,0x00,0x00,0x00,0x00,0x00,0x00,0x00,
        0x00,0x00,0x00,0x00,0x9f,0x40,0x20,0x10,0x94,0x39,0x1e,0xf0,0x94,0x39,0x1d,0xff,
        0x94,0x39,0x1d,0xff,0x94,0x39,0x1d,0xff,0x94,0x39,0x1d,0xff,0x94,0x39,0x1d,0xff,
        0x94,0x39,0x1d,0xff,0x94,0x39,0x1d,0xff,0x94,0x39,0x1d,0xff,0x94,0x39,0x1d,0xff,
        0x94,0x39,0x1d,0xff,0x94,0x39,0x1d,0xff,0x94,0x39,0x1d,0xff,0x94,0x39,0x1d,0xff,
        0x94,0x39,0x1d,0xff,0x94,0x39,0x1d,0xff,0x94,0x39,0x1d,0xff,0x94,0x39,0x1d,0xff,
        0x94,0x39,0x1d,0xff,0x94,0x39,0x1d,0xff,0x94,0x39,0x1d,0xff,0x94,0x39,0x1d,0xff,
        0x94,0x39,0x1d,0xff,0x93,0x3c,0x20,0x40,0x00,0x00,0x00,0x00,0x00,0x00,0x00,0x00,
        0x00,0x00,0x00,0x00,0x00,0x00,0x00,0x00,0x00,0x00,0x00,0x00,0x00,0x00,0x00,0x00,
        0x00,0x00,0x00,0x00,0x00,0x00,0x00,0x00,0x00,0x00,0x00,0x00,0x00,0x00,0x00,0x00,
        0x00,0x00,0x00,0x00,0x00,0x00,0x00,0x00,0x00,0x00,0x00,0x00,0x00,0x00,0x00,0x00,
        0x00,0x00,0x00,0x00,0x00,0x00,0x00,0x00,0x00,0x00,0x00,0x00,0x00,0x00,0x00,0x00,
        0x00,0x00,0x00,0x00,0x00,0x00,0x00,0x00,0x00,0x00,0x00,0x00,0x00,0x00,0x00,0x00,
        0x00,0x00,0x00,0x00,0x00,0x00,0x00,0x00,0x00,0x00,0x00,0x00,0x00,0x00,0x00,0x00,
        0x00,0x00,0x00,0x00,0x00,0x00,0x00,0x00,0x00,0x00,0x00,0x00,0x00,0x00,0x00,0x00,
        0x00,0x00,0x00,0x00,0x00,0x00,0x00,0x00,0x00,0x00,0x00,0x00,0x7c,0x2c,0x24,0x40,
        0x80,0x2b,0x25,0x30,0x00,0x00,0x00,0x00,0x00,0x00,0x00,0x00,0x00,0x00,0x00,0x00,
        0x00,0x00,0x00,0x00,0x00,0x00,0x00,0x00,0x95,0x3a,0x20,0x30,0x94,0x3a,0x1d,0xb0,
        0x94,0x39,0x1d,0xff,0x94,0x39,0x1d,0xff,0x94,0x39,0x1d,0xff,0x94,0x39,0x1d,0xff,
        0x94,0x39,0x1d,0xff,0x94,0x39,0x1d,0xff,0x94,0x39,0x1d,0xff,0x94,0x39,0x1d,0xff,
        0x94,0x39,0x1d,0xff,0x94,0x39,0x1d,0xff,0x94,0x39,0x1d,0xff,0x94,0x39,0x1d,0xff,
        0x94,0x39,0x1d,0xff,0x94,0x39,0x1d,0xff,0x94,0x39,0x1d,0xff,0x94,0x39,0x1d,0xff,
        0x94,0x39,0x1d,0xff,0x94,0x39,0x1d,0xff,0x94,0x39,0x1d,0xff,0x94,0x3a,0x1d,0xd0,
        0x96,0x39,0x20,0x50,0x00,0x00,0x00,0x00,0x00,0x00,0x00,0x00,0x00,0x00,0x00,0x00,
        0x00,0x00,0x00,0x00,0x00,0x00,0x00,0x00,0x00,0x00,0x00,0x00,0x00,0x00,0x00,0x00,
        0x00,0x00,0x00,0x00,0x00,0x00,0x00,0x00,0x00,0x00,0x00,0x00,0x00,0x00,0x00,0x00,
        0x00,0x00,0x00,0x00,0x00,0x00,0x00,0x00,0x00,0x00,0x00,0x00,0x00,0x00,0x00,0x00,
        0x00,0x00,0x00,0x00,0x00,0x00,0x00,0x00,0x00,0x00,0x00,0x00,0x00,0x00,0x00,0x00,
        0x00,0x00,0x00,0x00,0x00,0x00,0x00,0x00,0x00,0x00,0x00,0x00,0x00,0x00,0x00,0x00,
        0x00,0x00,0x00,0x00,0x00,0x00,0x00,0x00,0x00,0x00,0x00,0x00,0x00,0x00,0x00,0x00,
        0x00,0x00,0x00,0x00,0x00,0x00,0x00,0x00,0x00,0x00,0x00,0x00,0x00,0x00,0x00,0x00,
        0x00,0x00,0x00,0x00,0x00,0x00,0x00,0x00,0x00,0x00,0x00,0x00,0x00,0x00,0x00,0x00,
        0x00,0x00,0x00,0x00,0x00,0x00,0x00,0x00,0x00,0x00,0x00,0x00,0x00,0x00,0x00,0x00,
        0x00,0x00,0x00,0x00,0x00,0x00,0x00,0x00,0x00,0x00,0x00,0x00,0x00,0x00,0x00,0x00,
        0x9f,0x40,0x20,0x10,0x96,0x39,0x20,0x50,0x94,0x39,0x1e,0xa0,0x94,0x39,0x1e,0xf0,
        0x94,0x39,0x1d,0xff,0x94,0x39,0x1d,0xff,0x94,0x39,0x1d,0xff,0x94,0x39,0x1d,0xff,
        0x94,0x39,0x1d,0xff,0x94,0x39,0x1d,0xff,0x94,0x39,0x1d,0xff,0x94,0x39,0x1d,0xff,
        0x94,0x39,0x1d,0xff,0x94,0x39,0x1d,0xff,0x94,0x39,0x1d,0xff,0x94,0x39,0x1d,0xff,
        0x94,0x3a,0x1d,0xb0,0x95,0x3a,0x1d,0x60,0x97,0x40,0x20,0x20,0x00,0x00,0x00,0x00,
        0x00,0x00,0x00,0x00,0x00,0x00,0x00,0x00,0x00,0x00,0x00,0x00,0x00,0x00,0x00,0x00,
        0x00,0x00,0x00,0x00,0x00,0x00,0x00,0x00,0x00,0x00,0x00,0x00,0x00,0x00,0x00,0x00,
        0x00,0x00,0x00,0x00,0x00,0x00,0x00,0x00,0x00,0x00,0x00,0x00,0x00,0x00,0x00,0x00,
        0x00,0x00,0x00,0x00,0x00,0x00,0x00,0x00,0x00,0x00,0x00,0x00,0x00,0x00,0x00,0x00,
        0x00,0x00,0x00,0x00,0x00,0x00,0x00,0x00,0x00,0x00,0x00,0x00,0x00,0x00,0x00,0x00,
        0x00,0x00,0x00,0x00,0x00,0x00,0x00,0x00,0x00,0x00,0x00,0x00,0x00,0x00,0x00,0x00,
        0x00,0x00,0x00,0x00,0x00,0x00,0x00,0x00,0x00,0x00,0x00,0x00,0x00,0x00,0x00,0x00,
        0x00,0x00,0x00,0x00,0x00,0x00,0x00,0x00,0x00,0x00,0x00,0x00,0x00,0x00,0x00,0x00,
        0x00,0x00,0x00,0x00,0x00,0x00,0x00,0x00,0x00,0x00,0x00,0x00,0x00,0x00,0x00,0x00,
        0x00,0x00,0x00,0x00,0x00,0x00,0x00,0x00,0x00,0x00,0x00,0x00,0x00,0x00,0x00,0x00,
        0x00,0x00,0x00,0x00,0x00,0x00,0x00,0x00,0x00,0x00,0x00,0x00,0x00,0x00,0x00,0x00,
        0x00,0x00,0x00,0x00,0x00,0x00,0x00,0x00,0x00,0x00,0x00,0x00,0x00,0x00,0x00,0x00,
        0x95,0x3a,0x20,0x30,0x93,0x3c,0x20,0x40,0x93,0x3a,0x1e,0x80,0x93,0x3a,0x1e,0x80,
        0x94,0x39,0x1e,0xa0,0x93,0x39,0x1d,0xc0,0x94,0x3a,0x1d,0xb0,0x93,0x3a,0x1e,0x80,
        0x93,0x3a,0x1e,0x80,0x96,0x39,0x20,0x50,0x93,0x3c,0x20,0x40,0x9f,0x40,0x20,0x10,
        0x00,0x00,0x00,0x00,0x00,0x00,0x00,0x00,0x00,0x00,0x00,0x00,0x00,0x00,0x00,0x00,
        0x00,0x00,0x00,0x00,0x00,0x00,0x00,0x00,0x00,0x00,0x00,0x00,0x00,0x00,0x00,0x00,
        0x00,0x00,0x00,0x00,0x00,0x00,0x00,0x00,0x00,0x00,0x00,0x00,0x00,0x00,0x00,0x00,
        0x00,0x00,0x00,0x00,0x00,0x00,0x00,0x00,0x00,0x00,0x00,0x00,0x00,0x00,0x00,0x00,
        0x00,0x00,0x00,0x00,0x00,0x00,0x00,0x00,0x00,0x00,0x00,0x00,0x00,0x00,0x00,0x00,
        0x00,0x00,0x00,0x00,0x00,0x00,0x00,0x00,0x00,0x00,0x00,0x00,0x00,0x00,0x00,0x00,
        0x00,0x00,0x00,0x00,0x00,0x00,0x00,0x00,0x00,0x00,0x00,0x00,0x00,0x00,0x00,0x00,
        0x00,0x00,0x00,0x00,0x00,0x00,0x00,0x00,0x00,0x00,0x00,0x00,0x00,0x00,0x00,0x00,
        0x00,0x00,0x00,0x00,0x00,0x00,0x00,0x00,0x00,0x00,0x00,0x00,0x00,0x00,0x00,0x00,
        0x00,0x00,0x00,0x00,0x00,0x00,0x00,0x00,0x00,0x00,0x00,0x00,0x00,0x00,0x00,0x00,
        0x00,0x00,0x00,0x00,0x00,0x00,0x00,0x00,0x00,0x00,0x00,0x00,0x00,0x00,0x00,0x00,
        0x00,0x00,0x00,0x00,0x00,0x00,0x00,0x00,0x00,0x00,0x00,0x00,0x00,0x00,0x00,0x00,
        0x00,0x00,0x00,0x00,0x00,0x00,0x00,0x00,0x00,0x00,0x00,0x00,0x00,0x00,0x00,0x00,
        0x00,0x00,0x00,0x00,0x00,0x00,0x00,0x00,0x00,0x00,0x00,0x00,0x00,0x00,0x00,0x00,
        0x00,0x00,0x00,0x00,0x00,0x00,0x00,0x00,0x00,0x00,0x00,0x00,0x00,0x00,0x00,0x00,
        0x00,0x00,0x00,0x00,0x00,0x00,0x00,0x00,0x00,0x00,0x00,0x00,0x00,0x00,0x00,0x00,
        0x00,0x00,0x00,0x00,0x00,0x00,0x00,0x00,0x00,0x00,0x00,0x00,0x00,0x00,0x00,0x00,
        0x00,0x00,0x00,0x00,0x00,0x00,0x00,0x00,0x00,0x00,0x00,0x00,0x00,0x00,0x00,0x00,
        0x00,0x00,0x00,0x00,0x00,0x00,0x00,0x00,0x00,0x00,0x00,0x00,0x00,0x00,0x00,0x00,
        0x00,0x00,0x00,0x00,0x00,0x00,0x00,0x00,0x00,0x00,0x00,0x00,0x00,0x00,0x00,0x00,
        0x00,0x00,0x00,0x00,0x00,0x00,0x00,0x00,0x00,0x00,0x00,0x00,0x00,0x00,0x00,0x00,
        0x00,0x00,0x00,0x00,0x00,0x00,0x00,0x00,0x00,0x00,0x00,0x00,0x00,0x00,0x00,0x00,
        0x00,0x00,0x00,0x00,0x00,0x00,0x00,0x00,0x00,0x00,0x00,0x00,0x00,0x00,0x00,0x00,
        0x00,0x00,0x00,0x00,0x00,0x00,0x00,0x00,0x00,0x00,0x00,0x00,0x00,0x00,0x00,0x00,
        0x00,0x00,0x00,0x00,0x00,0x00,0x00,0x00,0x00,0x00,0x00,0x00,0x00,0x00,0x00,0x00,
        0x00,0x00,0x00,0x00,0x00,0x00,0x00,0x00,0x00,0x00,0x00,0x00,0x00,0x00,0x00,0x00,
        0x00,0x00,0x00,0x00,0x00,0x00,0x00,0x00,0x00,0x00,0x00,0x00,0x00,0x00,0x00,0x00,
        0x00,0x00,0x00,0x00,0x00,0x00,0x00,0x00,0x00,0x00,0x00,0x00,0x00,0x00,0x00,0x00,
        0x00,0x00,0x00,0x00,0x00,0x00,0x00,0x00,0x00,0x00,0x00,0x00,0x00,0x00,0x00,0x00,
        0x00,0x00,0x00,0x00,0x00,0x00,0x00,0x00,0x00,0x00,0x00,0x00,0x00,0x00,0x00,0x00,
        0x00,0x00,0x00,0x00,0x00,0x00,0x00,0x00,0x00,0x00,0x00,0x00,0x00,0x00,0x00,0x00,
        0x00,0x00,0x00,0x00,0x00,0x00,0x00,0x00,0x00,0x00,0x00,0x00,0x00,0x00,0x00,0x00,
        0x00,0x00,0x00,0x00,0x00,0x00,0x00,0x00,0x00,0x00,0x00,0x00,0x00,0x00,0x00,0x00,
        0x00,0x00,0x00,0x00,0x00,0x00,0x00,0x00,0x00,0x00,0x00,0x00,0x00,0x00,0x00,0x00,
        0x00,0x00,0x00,0x00,0x00,0x00,0x00,0x00,0x00,0x00,0x00,0x00,0x00,0x00,0x00,0x00,
        0x00,0x00,0x00,0x00,0x00,0x00,0x00,0x00,0x00,0x00,0x00,0x00,0x00,0x00,0x00,0x00,
        0x00,0x00,0x00,0x00,0x00,0x00,0x00,0x00,0x00,0x00,0x00,0x00,0x00,0x00,0x00,0x00,
        0x00,0x00,0x00,0x00,0x00,0x00,0x00,0x00,0x00,0x00,0x00,0x00,0x00,0x00,0x00,0x00,
        0x00,0x00,0x00,0x00,0x00,0x00,0x00,0x00,0x00,0x00,0x00,0x00,0x00,0x00,0x00,0x00,
        0x00,0x00,0x00,0x00,0x00,0x00,0x00,0x00,0x00,0x00,0x00,0x00,0x00,0x00,0x00,0x00,
        0x00,0x00,0x00,0x00,0x00,0x00,0x00,0x00,0x00,0x00,0x00,0x00,0x00,0x00,0x00,0x00,
        0x00,0x00,0x00,0x00,0x00,0x00,0x00,0x00,0x00,0x00,0x00,0x00,0x00,0x00,0x00,0x00,
        0x00,0x00,0x00,0x00,0x00,0x00,0x00,0x00,0x00,0x00,0x00,0x00,0x00,0x00,0x00,0x00,
        0x00,0x00,0x00,0x00,0x00,0x00,0x00,0x00,0x00,0x00,0x00,0x00,0x00,0x00,0x00,0x00,
        0x00,0x00,0x00,0x00,0x00,0x00,0x00,0x00,0x00,0x00,0x00,0x00,0x00,0x00,0x00,0x00,
        0x00,0x00,0x00,0x00,0x00,0x00,0x00,0x00,0x00,0x00,0x00,0x00,0x00,0x00,0x00,0x00,
        0x00,0x00,0x00,0x00,0x00,0x00,0x00,0x00,0x00,0x00,0x00,0x00,0x00,0x00,0x00,0x00,
        0x00,0x00,0x00,0x00,0x00,0x00,0x00,0x00,0x00,0x00,0x00,0x00,0x00,0x00,0x00,0x00,
        0x00,0x00,0x00,0x00,0x00,0x00,0x00,0x00,0x00,0x00,0x00,0x00,0x00,0x00,0x00,0x00,
        0x00,0x00,0x00,0x00,0x00,0x00,0x00,0x00,0x00,0x00,0x00,0x00,0x00,0x00,0x00,0x00,
        0x00,0x00,0x00,0x00,0x00,0x00,0x00,0x00,0x00,0x00,0x00,0x00,0x00,0x00,0x00,0x00,
        0x00,0x00,0x00,0x00,0x00,0x00,0x00,0x00,0x00,0x00,0x00,0x00,0x00,0x00,0x00,0x00,
        0x00,0x00,0x00,0x00,0x00,0x00,0x00,0x00,0x00,0x00,0x00,0x00,0x00,0x00,0x00,0x00,
    };

    struct Image {
        int size;
        const unsigned char* rgba;
    };

    inline constexpr Image k_images[] = {
        {16, k_rgba_16},
        {24, k_rgba_24},
        {32, k_rgba_32},
        {48, k_rgba_48},
        {64, k_rgba_64},
    };
} // namespace sextant::window_icon
